雅芙国际美容会所,南山区西丽镇石鼓路金域世家B座C区10-11商铺,0755-86523634,周一至周日10:00-22:00                ,大众点评
甄美养生美容会所,宝安区西乡大道激尚众创空间280号(西乡地铁A出口汇一城天虹5号门旁100米五福精品酒店大堂),0755-27393202,周一至周日09:30-21:30                ,大众点评
佩霖自然养生会所(南油店),南山区创业路28号现代城华庭5栋商业裙楼东林教育3层301,0755-26448910,周一至周日10:00-22:00                ,大众点评
水胭脂美容塑体抗衰会所,龙岗区龙城街道万科天誉公馆B栋一单元602,13682659156,周一至周日10:00-22:00                ,大众点评
曼迪健康管理会所,罗湖区都市名园A栋31楼(万象城),13378431688,周一至周日08:00-22:00                ,大众点评
梦圆皇宫(晴会所店),南山区香山西街首地容御一层(近欢乐谷),0755-83500200,周一至周日10:00-22:00                ,大众点评
桃源美人养生美颜会所,罗湖区宝安南路风格名苑B座底商桃源美人,13760159583,周一至周日10:00-22:00                ,大众点评
华贝尔纤体美容spa会所(二店),南山区艺园路缤纷商业中心一楼A50商铺,0755-32932479,周一至周日10:00-21:30                ,大众点评
自然美(华强北店),福田区振兴路120赛格科技园106栋二楼(紫荆城对面),0755-83951336,周一至周日10:00-21:00                ,大众点评
夕莱美沙疗养生美容会所,南山区众冠花园众兴阁1楼5-6商铺,0755-26979525,周一至周日10:00-22:00                ,大众点评
雅芙国际美容会所,南山区西丽镇石鼓路金域世家B座C区10-11商铺,0755-86523634,周一至周日10:00-22:00                ,大众点评
甄美养生美容会所,宝安区西乡大道激尚众创空间280号(西乡地铁A出口汇一城天虹5号门旁100米五福精品酒店大堂),0755-27393202,周一至周日09:30-21:30                ,大众点评
佩霖自然养生会所(南油店),南山区创业路28号现代城华庭5栋商业裙楼东林教育3层301,0755-26448910,周一至周日10:00-22:00                ,大众点评
水胭脂美容塑体抗衰会所,龙岗区龙城街道万科天誉公馆B栋一单元602,13682659156,周一至周日10:00-22:00                ,大众点评
曼迪健康管理会所,罗湖区都市名园A栋31楼(万象城),13378431688,周一至周日08:00-22:00                ,大众点评
梦圆皇宫(晴会所店),南山区香山西街首地容御一层(近欢乐谷),0755-83500200,周一至周日10:00-22:00                ,大众点评
桃源美人养生美颜会所,罗湖区宝安南路风格名苑B座底商桃源美人,13760159583,周一至周日10:00-22:00                ,大众点评
华贝尔纤体美容spa会所(二店),南山区艺园路缤纷商业中心一楼A50商铺,0755-32932479,周一至周日10:00-21:30                ,大众点评
自然美(华强北店),福田区振兴路120赛格科技园106栋二楼(紫荆城对面),0755-83951336,周一至周日10:00-21:00                ,大众点评
夕莱美沙疗养生美容会所,南山区众冠花园众兴阁1楼5-6商铺,0755-26979525,周一至周日10:00-22:00                ,大众点评
FAEZEN|梵瑟肌肤管理工作室,福田区新洲九街嘉葆润金座B2013(购物公园，滨河大道),15118103905,周一至周日10:00-22:00                ,大众点评
百丽雅SPA三养美容会所(购物公园店),福田区民田路138号购物公园113号(近福华三路),4000166660,周一至周日09:30-22:00                ,大众点评
凯丽莱科技美容抗衰中心,福田区石厦北二街新天世纪商务中心B座1109室(近石厦站F出口),0755-25171558,周一至周日09:30-21:30                ,大众点评
MC LADY'S美莲娜皮肤管理中心(中信店),福田区埔尾路2号(红岭大厦),0755-82390088,周一至周日10:00-21:30                ,大众点评
水汪汪女子SPA养生会所,坪山区行政九路大东城23号,0755-89217699,周一至周日09:30-21:30                ,大众点评
鑫瑞源美容养生会所(留仙居店),南山区366大街留仙居小区东门南行80米,17722561961,周一至周日10:00-22:00                ,大众点评
沐颜国际美容会所,福田区福荣路68号(下沙二坊5号101),18665960356,周一至周日10:00-22:00                ,大众点评
琉璃时光SPA会所(石厦店),福田区福保街道石厦村南建鑫苑CD栋裙楼一楼商铺27号(益田路),0755-82036689,周一至周日09:30-23:30                ,大众点评
百丽雅SPA三养美容会所(港隆城店),宝安区宝安80区宝民二路111号港隆城购物中心4楼(近恒丰海悦大酒店),4000166660,周一至周日09:30-22:00                ,大众点评
精养堂美颜养生会所,南山区龙珠四路方大城2栋410,0755-26607942,周一至周日10:00-22:00                ,大众点评
名媛美容会所,福田区益田村78栋203,0755-82559342,周一至周日10:00-22:00                ,大众点评
佩霖自然养生会所(龙岗宝能太古城店),龙岗区建设路28号宝能4层,0755-28709349,周一至周日10:00-21:30                ,大众点评
魅力一生贵族美容会所,罗湖区东门中路2013号九龙城广场5层,0755-82133913,周一至周日09:00-22:00                ,大众点评
樱花科技美容会所,宝安区羊台山路水厂北一巷一号(佳辉烟茶酒旁),13826500121,周一至周日09:00-22:00                ,大众点评
香榭迪尔皮肤管理美容SPA中心(信和店),南山区南海大道22号信和广场118-119铺,0755-86528530,周一至周日10:00-21:00                ,大众点评
还原美健康美容会所(宝安南店),罗湖区宝安南路2056号国都花园裙楼2楼22号(近地王大厦),0755-82665095,周一至周日09:00-21:00                ,大众点评
瑞士米拉蒂姿美容会所,宝安区金兰路33号尚都花园210号铺(近壹方城),0755-29660283,周一至周日10:00-22:00                ,大众点评
伊堤娜美容会所(百莲凯西丽店),南山区南国丽城1F-77,0755-21539190,周一至周日09:00-22:00                ,大众点评
华贝尔纤体美容spa会所(南山店),南山区艺园路缤纷商业中心二楼(电梯口74号铺),0755-33986993,周一至周日10:00-21:00                ,大众点评
meet you遇见私属会所,龙华区深圳龙华区民安路金地梅陇镇三期18B4单元9A,14737226149,周一至周日11:00-19:00                ,大众点评
粉红经典国际美容会所(鸿景园店),宝安区新安街道34区新安永联路29号(鸿景园南门),0755-27752355,周一至周日10:00-22:00                ,大众点评
奢.悦 抗衰spa私人定制,宝安区创业一路1014-26号(西城上筑),0755-27800537,周一至周日10:00-22:30                ,大众点评
汇美颜养生会所(京南京华庭店),龙岗区布吉街京南华庭商铺107-10号(布吉站A，B出口，百合酒店对面),18127098896,周一至周日10:30-22:00                ,大众点评
沃德美美容SPA会所(海月店),南山区海月路海月华庭商铺110-111铺,0755-88279761,周一至周日10:00-22:30                ,大众点评
美格格养生美容会所,龙岗区鸿基中路21号2楼,0755-28294286,周一至周日10:00-22:00                ,大众点评
星德瑞拉形象管理中心,南山区南山大道2002号光彩新天地18A7(近地铁11号线南山站E出口),0755-23603613,周一至周日09:30-19:00                ,大众点评
荟康堂美容养生会所,福田区石厦北一街葵花公寓商铺16-3室(近石厦地铁站E出口),0755-33005068,周一至周日10:00-22:00                ,大众点评
还原美健康美容会所(华侨城店),南山区深南大道9030-11号世纪假日广场B座1层113,0755-26927188,周一至周日10:00-22:00                ,大众点评
尊享商务养生会所,福田区香梅北路天明居二楼201号(老山姆斜对面，地铁蛇口线B3出口轿之林2楼),0755-82950683,周一至周日10:30-00:00                ,大众点评
M-BEAUTY美莲娜美容SPA会所(新洲店),福田区新洲七路绿景花园北门停车场出口,0755-88290400,周一至周日09:00-22:00                ,大众点评
圣丽春天美容养生会所,宝安区宝安新城大道富通好旺角1栋2楼,0755-29790066,周一至周日09:00-22:00                ,大众点评
法国安杰玛国际健康SPA会所,南山区创业东路金海湾大厦东方雅典酒店三楼(大堂左手观光电梯直达3楼),0755-26966666,周一至周日10:00-20:00                ,大众点评
本源堂经络养生会所(本源堂),南山区创业路海王大厦B座6C室(近海雅百货),0755-26403558,周一至周日10:00-22:00                ,大众点评
经典琉璃美容SPA会所(碧湖花园店),龙岗区龙岗中心城龙德北路碧湖花园c座1-3号商铺,0755-28264356,周一至周日09:30-22:00                ,大众点评
品味女人养生美容会所松泉店(松泉店),罗湖区太白路4026号松泉山庄农业银行2层,0755-25166525,周一至周日10:00-22:00                ,大众点评
上上嘉品高端SPA馆(龙岗仁恒店),龙岗区宝荷路峦山美地1栋119号商铺(卓弘高尔夫雅苑西门对面),13543258843,周一至周日10:00-22:00                ,大众点评
聆悦SPA会所,盐田区沙头角海景二路蓝郡西堤花园一楼1133号聆悦SPA会所(海涛小学对面),0755-22359976,周一至周日09:30-22:30                ,大众点评
娜米小兔(金港华庭店),宝安区宝安大道金港华庭4009-30号商铺(苏宁易购旁),0755-23352747,周一至周日10:00-22:00                ,大众点评
娜米小兔(鼎太店),南山区前海路鼎太风华5期108室(Q房网旁，百果园旁),0755-86056756,周一至周日10:00-22:00                ,大众点评
康祺皇室美容会所,南山区创业路现代城华庭3栋4楼,0755-86217652,周一至周日10:00-22:00                ,大众点评
深圳韵妍健康养生美容会所,宝安区甲岸路西岸观邸6-70号,0755-33116845,周一至周日09:30-22:00                ,大众点评
梦家园美容养生SPA会所(松柏信义御城店),龙岗区横岗街道信义御城豪园1栋102室(江苏银行隔壁),0755-28648889,周一至周日09:30-22:30                ,大众点评
普丽缇莎美容养生会所,龙岗区南湾街道红棉路左庭右院南区131号(丹竹头地铁站),13360514005,周一至周日10:00-22:00                ,大众点评
雅姿SPA会所,福田区华强北群星广场B座2407-2408,0755-83245878,周一至周日10:00-21:30                ,大众点评
珈思希黎美容养生会所(龙岗中心区店),龙岗区万科天誉国际公馆C栋1单元3502室(吉祥地铁站C出口300米),13510608390,周一至周日10:00-22:00                ,大众点评
此岸彼岸国际美容养生会所(鸿瑞花园店),南山区南光路鸿瑞花园三期38号,0755-26078890,周一至周日09:00-21:00                ,大众点评
沐兰美容养生会所,福田区下沙街三坊62号二楼整层,0755-82523039,周一至周日10:00-23:00                ,大众点评
御雅轩美容SPA,罗湖区太白路双御雅轩1楼,0755-22259259,周一至周日10:00-22:30                ,大众点评
钰颜堂减肥美容养生会所,罗湖区翠竹路1050号高标大厦510(华润万家),13798581421,周一至周日09:00-21:00                ,大众点评
蒲公英美甲美睫皮肤管理(海印店),南山区文心二路海印长城一期219号铺(近南山茂业百货),0755-26092715,周一至周日10:00-22:00                ,大众点评
法国安杰玛SPA会所(香域店),福田区农园路66-12号,0755-86081006,周一至周日10:00-20:00                ,大众点评
美人坊SPA美容养生会所,南山区文心五路33号海岸大厦西座142号铺(地铁 后海站 ：D/E出口),0755-86618495,周一至周日10:00-22:00                ,大众点评
法国安杰玛SPA会所(圣莫丽斯店),龙华区玉龙路西侧圣莫丽斯花园商业街B22栋,0755-29526126,周一至周日10:00-20:00                ,大众点评
维纳斯美容美体SPA会所,龙岗区9号院馆1楼商铺28号,0755-84861792,周一至周日09:00-22:00                ,大众点评
还原美健康美容会所(翠竹店),罗湖区翠竹路1008号金福大厦1楼,0755-25604550,周一至周日09:00-21:00                ,大众点评
雅丽娜美容养生会所(鹏达花园店),龙岗区碧新路龙岗段2059-37号南联鹏达花园商铺(近摩尔城),13723785860,周一至周日10:00-22:00                ,大众点评
法国安杰玛SPA会所(熙龙湾店),宝安区中心区甲岸路熙龙湾花园(近东苑王府),0755-27597269,周一至周日10:00-20:00                ,大众点评
皇室纤体美容SPA会所(东海城市广场店),福田区红荔路8099号东广场3层(地铁车公庙站),0755-88370521,周一至周日10:00-22:00                ,大众点评
佩霖自然养生会所(龙华九方购物中心店),龙华区人民路2020号龙华九方购物中心1层,0755-23739585,"周一至周四,周日10:00-22:00周五,周六10:00-22:30                ",大众点评
释梦格美容养生会所,福田区莲花路2055号怡枫园C栋403(景田地铁站C出口),18665365770,周一至周日12:00-23:00                ,大众点评
莱百迪美容养生会所,福田区金田南路水围时代广场2楼229号铺,0755-83176565,周一至周日09:30-20:30                ,大众点评
四季水乡SPA会所(桃源村龙珠店),南山区龙珠六路十五峰北门旁,0755-82881189,周一至周日10:30-21:30                ,大众点评
珍艾皇宫(欢乐颂店),南山区南新路3022号华润万家欢乐颂4楼(南山法院旁),0755-86646800,周一至周日10:00-22:30                ,大众点评
皇室纤体美容SPA会所,南山区华侨城潮州西街,0755-26942523,周一至周日09:00-22:00                ,大众点评
优美堂SPA会所(南山店),南山区南头街道深南大道与南新路交汇处英达钰龙园裙楼B栋B3,0755-86198165,周一至周日10:30-22:00                ,大众点评
东方丽人高端定制美容会所,福田区下沙京基滨河时代C2座6F(皇茶边c2栋),18638888266,周一至周日11:00-21:00                ,大众点评
依贝佳专业美容SPA会所(香榭里店),福田区农园路96号香榭里花园会所2楼,0755-83139971,Ebeca,大众点评
深圳市龙华新区观澜伊丽丝美容养生会所,龙华区求知路与沿河路交叉路口(观澜天虹),0755-29830883,周一至周日09:00-22:00                ,大众点评
沃德美美容SPA会所(香蜜半山店),福田区香蜜湖街道兰江山第花园一期2栋A座105室,0755-23601299,周一至周日09:30-22:30                ,大众点评
鸿海健康会所,罗湖区罗湖口岸交通楼小综合楼3~5楼,0755-25877551,周一至周日10:00-22:00                ,大众点评
爱美国际美容养生会所,龙华区龙华新区世纪春城8号地民兴路27号(大润发民治店),18038096948,周一至周日10:00-22:00                ,大众点评
现代尊尚美容会所,龙华区龙华新区观澜大道96号(比邻新天地1层),0755-29020091,周一至周日09:30-22:00                ,大众点评
姿韵堂美容养生会所,福田区新洲九街嘉葆润金座家园A座1层27号商铺(近广发银行，近A座大堂),0755-82785055,周一至周日10:00-22:00                ,大众点评
暄琳恣美容养生会所,龙岗区龙翔大道海逸雅居4112铺,0755-28911089,周一至周日10:00-21:30                ,大众点评
水胭脂美容美体养生会所,龙华区清泉路清湖地铁站D出口雅尊会所雅尊商务楼203,18923726203,周一至周日10:00-22:00                ,大众点评
非凡美容会所,宝安区宝安大道老村长旁,18681480568,周一至周日10:00-22:00                ,大众点评
媛名媛美容养生会所,南山区西丽街道大|购物广场三楼(JS舞蹈连锁大|分店),0755-86549586,周一至周日09:00-22:00                ,大众点评
雪姬美素(港隆城店),宝安区宝安80区宝民二路111号港隆城广场6楼雪姬美素,0755-33880860,周一至周日09:30-22:30                ,大众点评
珈思希黎美容养生会所(龙岗中心区店),龙岗区万科天誉国际公馆C栋1单元3502室(吉祥地铁站C出口300米),13510608390,周一至周日10:00-22:00                ,大众点评
此岸彼岸国际美容养生会所(鸿瑞花园店),南山区南光路鸿瑞花园三期38号,0755-26078890,周一至周日09:00-21:00                ,大众点评
沐兰美容养生会所,福田区下沙街三坊62号二楼整层,0755-82523039,周一至周日10:00-23:00                ,大众点评
御雅轩美容SPA,罗湖区太白路双御雅轩1楼,0755-22259259,周一至周日10:00-22:30                ,大众点评
钰颜堂减肥美容养生会所,罗湖区翠竹路1050号高标大厦510(华润万家),13798581421,周一至周日09:00-21:00                ,大众点评
蒲公英美甲美睫皮肤管理(海印店),南山区文心二路海印长城一期219号铺(近南山茂业百货),0755-26092715,周一至周日10:00-22:00                ,大众点评
法国安杰玛SPA会所(香域店),福田区农园路66-12号,0755-86081006,周一至周日10:00-20:00                ,大众点评
美人坊SPA美容养生会所,南山区文心五路33号海岸大厦西座142号铺(地铁 后海站 ：D/E出口),0755-86618495,周一至周日10:00-22:00                ,大众点评
法国安杰玛SPA会所(圣莫丽斯店),龙华区玉龙路西侧圣莫丽斯花园商业街B22栋,0755-29526126,周一至周日10:00-20:00                ,大众点评
维纳斯美容美体SPA会所,龙岗区9号院馆1楼商铺28号,0755-84861792,周一至周日09:00-22:00                ,大众点评
还原美健康美容会所(翠竹店),罗湖区翠竹路1008号金福大厦1楼,0755-25604550,周一至周日09:00-21:00                ,大众点评
雅丽娜美容养生会所(鹏达花园店),龙岗区碧新路龙岗段2059-37号南联鹏达花园商铺(近摩尔城),13723785860,周一至周日10:00-22:00                ,大众点评
法国安杰玛SPA会所(熙龙湾店),宝安区中心区甲岸路熙龙湾花园(近东苑王府),0755-27597269,周一至周日10:00-20:00                ,大众点评
皇室纤体美容SPA会所(东海城市广场店),福田区红荔路8099号东广场3层(地铁车公庙站),0755-88370521,周一至周日10:00-22:00                ,大众点评
佩霖自然养生会所(龙华九方购物中心店),龙华区人民路2020号龙华九方购物中心1层,0755-23739585,"周一至周四,周日10:00-22:00周五,周六10:00-22:30                ",大众点评
释梦格美容养生会所,福田区莲花路2055号怡枫园C栋403(景田地铁站C出口),18665365770,周一至周日12:00-23:00                ,大众点评
莱百迪美容养生会所,福田区金田南路水围时代广场2楼229号铺,0755-83176565,周一至周日09:30-20:30                ,大众点评
四季水乡SPA会所(桃源村龙珠店),南山区龙珠六路十五峰北门旁,0755-82881189,周一至周日10:30-21:30                ,大众点评
珍艾皇宫(欢乐颂店),南山区南新路3022号华润万家欢乐颂4楼(南山法院旁),0755-86646800,周一至周日10:00-22:30                ,大众点评
皇室纤体美容SPA会所,南山区华侨城潮州西街,0755-26942523,周一至周日09:00-22:00                ,大众点评
优美堂SPA会所(南山店),南山区南头街道深南大道与南新路交汇处英达钰龙园裙楼B栋B3,0755-86198165,周一至周日10:30-22:00                ,大众点评
东方丽人高端定制美容会所,福田区下沙京基滨河时代C2座6F(皇茶边c2栋),18638888266,周一至周日11:00-21:00                ,大众点评
依贝佳专业美容SPA会所(香榭里店),福田区农园路96号香榭里花园会所2楼,0755-83139971,Ebeca,大众点评
深圳市龙华新区观澜伊丽丝美容养生会所,龙华区求知路与沿河路交叉路口(观澜天虹),0755-29830883,周一至周日09:00-22:00                ,大众点评
沃德美美容SPA会所(香蜜半山店),福田区香蜜湖街道兰江山第花园一期2栋A座105室,0755-23601299,周一至周日09:30-22:30                ,大众点评
鸿海健康会所,罗湖区罗湖口岸交通楼小综合楼3~5楼,0755-25877551,周一至周日10:00-22:00                ,大众点评
爱美国际美容养生会所,龙华区龙华新区世纪春城8号地民兴路27号(大润发民治店),18038096948,周一至周日10:00-22:00                ,大众点评
现代尊尚美容会所,龙华区龙华新区观澜大道96号(比邻新天地1层),0755-29020091,周一至周日09:30-22:00                ,大众点评
姿韵堂美容养生会所,福田区新洲九街嘉葆润金座家园A座1层27号商铺(近广发银行，近A座大堂),0755-82785055,周一至周日10:00-22:00                ,大众点评
暄琳恣美容养生会所,龙岗区龙翔大道海逸雅居4112铺,0755-28911089,周一至周日10:00-21:30                ,大众点评
水胭脂美容美体养生会所,龙华区清泉路清湖地铁站D出口雅尊会所雅尊商务楼203,18923726203,周一至周日10:00-22:00                ,大众点评
非凡美容会所,宝安区宝安大道老村长旁,18681480568,周一至周日10:00-22:00                ,大众点评
媛名媛美容养生会所,南山区西丽街道大|购物广场三楼(JS舞蹈连锁大|分店),0755-86549586,周一至周日09:00-22:00                ,大众点评
雪姬美素(港隆城店),宝安区宝安80区宝民二路111号港隆城广场6楼雪姬美素,0755-33880860,周一至周日09:30-22:30                ,大众点评
珈思希黎美容养生会所(龙岗中心区店),龙岗区万科天誉国际公馆C栋1单元3502室(吉祥地铁站C出口300米),13510608390,周一至周日10:00-22:00                ,大众点评
此岸彼岸国际美容养生会所(鸿瑞花园店),南山区南光路鸿瑞花园三期38号,0755-26078890,周一至周日09:00-21:00                ,大众点评
沐兰美容养生会所,福田区下沙街三坊62号二楼整层,0755-82523039,周一至周日10:00-23:00                ,大众点评
御雅轩美容SPA,罗湖区太白路双御雅轩1楼,0755-22259259,周一至周日10:00-22:30                ,大众点评
钰颜堂减肥美容养生会所,罗湖区翠竹路1050号高标大厦510(华润万家),13798581421,周一至周日09:00-21:00                ,大众点评
蒲公英美甲美睫皮肤管理(海印店),南山区文心二路海印长城一期219号铺(近南山茂业百货),0755-26092715,周一至周日10:00-22:00                ,大众点评
法国安杰玛SPA会所(香域店),福田区农园路66-12号,0755-86081006,周一至周日10:00-20:00                ,大众点评
美人坊SPA美容养生会所,南山区文心五路33号海岸大厦西座142号铺(地铁 后海站 ：D/E出口),0755-86618495,周一至周日10:00-22:00                ,大众点评
法国安杰玛SPA会所(圣莫丽斯店),龙华区玉龙路西侧圣莫丽斯花园商业街B22栋,0755-29526126,周一至周日10:00-20:00                ,大众点评
维纳斯美容美体SPA会所,龙岗区9号院馆1楼商铺28号,0755-84861792,周一至周日09:00-22:00                ,大众点评
还原美健康美容会所(翠竹店),罗湖区翠竹路1008号金福大厦1楼,0755-25604550,周一至周日09:00-21:00                ,大众点评
雅丽娜美容养生会所(鹏达花园店),龙岗区碧新路龙岗段2059-37号南联鹏达花园商铺(近摩尔城),13723785860,周一至周日10:00-22:00                ,大众点评
法国安杰玛SPA会所(熙龙湾店),宝安区中心区甲岸路熙龙湾花园(近东苑王府),0755-27597269,周一至周日10:00-20:00                ,大众点评
皇室纤体美容SPA会所(东海城市广场店),福田区红荔路8099号东广场3层(地铁车公庙站),0755-88370521,周一至周日10:00-22:00                ,大众点评
佩霖自然养生会所(龙华九方购物中心店),龙华区人民路2020号龙华九方购物中心1层,0755-23739585,"周一至周四,周日10:00-22:00周五,周六10:00-22:30                ",大众点评
释梦格美容养生会所,福田区莲花路2055号怡枫园C栋403(景田地铁站C出口),18665365770,周一至周日12:00-23:00                ,大众点评
莱百迪美容养生会所,福田区金田南路水围时代广场2楼229号铺,0755-83176565,周一至周日09:30-20:30                ,大众点评
四季水乡SPA会所(桃源村龙珠店),南山区龙珠六路十五峰北门旁,0755-82881189,周一至周日10:30-21:30                ,大众点评
珍艾皇宫(欢乐颂店),南山区南新路3022号华润万家欢乐颂4楼(南山法院旁),0755-86646800,周一至周日10:00-22:30                ,大众点评
皇室纤体美容SPA会所,南山区华侨城潮州西街,0755-26942523,周一至周日09:00-22:00                ,大众点评
优美堂SPA会所(南山店),南山区南头街道深南大道与南新路交汇处英达钰龙园裙楼B栋B3,0755-86198165,周一至周日10:30-22:00                ,大众点评
东方丽人高端定制美容会所,福田区下沙京基滨河时代C2座6F(皇茶边c2栋),18638888266,周一至周日11:00-21:00                ,大众点评
依贝佳专业美容SPA会所(香榭里店),福田区农园路96号香榭里花园会所2楼,0755-83139971,Ebeca,大众点评
深圳市龙华新区观澜伊丽丝美容养生会所,龙华区求知路与沿河路交叉路口(观澜天虹),0755-29830883,周一至周日09:00-22:00                ,大众点评
沃德美美容SPA会所(香蜜半山店),福田区香蜜湖街道兰江山第花园一期2栋A座105室,0755-23601299,周一至周日09:30-22:30                ,大众点评
鸿海健康会所,罗湖区罗湖口岸交通楼小综合楼3~5楼,0755-25877551,周一至周日10:00-22:00                ,大众点评
爱美国际美容养生会所,龙华区龙华新区世纪春城8号地民兴路27号(大润发民治店),18038096948,周一至周日10:00-22:00                ,大众点评
现代尊尚美容会所,龙华区龙华新区观澜大道96号(比邻新天地1层),0755-29020091,周一至周日09:30-22:00                ,大众点评
姿韵堂美容养生会所,福田区新洲九街嘉葆润金座家园A座1层27号商铺(近广发银行，近A座大堂),0755-82785055,周一至周日10:00-22:00                ,大众点评
暄琳恣美容养生会所,龙岗区龙翔大道海逸雅居4112铺,0755-28911089,周一至周日10:00-21:30                ,大众点评
非凡美容会所,宝安区宝安大道老村长旁,18681480568,周一至周日10:00-22:00                ,大众点评
媛名媛美容养生会所,南山区西丽街道大|购物广场三楼(JS舞蹈连锁大|分店),0755-86549586,周一至周日09:00-22:00                ,大众点评
雪姬美素(港隆城店),宝安区宝安80区宝民二路111号港隆城广场6楼雪姬美素,0755-33880860,周一至周日09:30-22:30                ,大众点评
珈思希黎美容养生会所(龙岗中心区店),龙岗区万科天誉国际公馆C栋1单元3502室(吉祥地铁站C出口300米),13510608390,周一至周日10:00-22:00                ,大众点评
此岸彼岸国际美容养生会所(鸿瑞花园店),南山区南光路鸿瑞花园三期38号,0755-26078890,周一至周日09:00-21:00                ,大众点评
沐兰美容养生会所,福田区下沙街三坊62号二楼整层,0755-82523039,周一至周日10:00-23:00                ,大众点评
御雅轩美容SPA,罗湖区太白路双御雅轩1楼,0755-22259259,周一至周日10:00-22:30                ,大众点评
钰颜堂减肥美容养生会所,罗湖区翠竹路1050号高标大厦510(华润万家),13798581421,周一至周日09:00-21:00                ,大众点评
蒲公英美甲美睫皮肤管理(海印店),南山区文心二路海印长城一期219号铺(近南山茂业百货),0755-26092715,周一至周日10:00-22:00                ,大众点评
法国安杰玛SPA会所(香域店),福田区农园路66-12号,0755-86081006,周一至周日10:00-20:00                ,大众点评
美人坊SPA美容养生会所,南山区文心五路33号海岸大厦西座142号铺(地铁 后海站 ：D/E出口),0755-86618495,周一至周日10:00-22:00                ,大众点评
法国安杰玛SPA会所(圣莫丽斯店),龙华区玉龙路西侧圣莫丽斯花园商业街B22栋,0755-29526126,周一至周日10:00-20:00                ,大众点评
维纳斯美容美体SPA会所,龙岗区9号院馆1楼商铺28号,0755-84861792,周一至周日09:00-22:00                ,大众点评
还原美健康美容会所(翠竹店),罗湖区翠竹路1008号金福大厦1楼,0755-25604550,周一至周日09:00-21:00                ,大众点评
雅丽娜美容养生会所(鹏达花园店),龙岗区碧新路龙岗段2059-37号南联鹏达花园商铺(近摩尔城),13723785860,周一至周日10:00-22:00                ,大众点评
法国安杰玛SPA会所(熙龙湾店),宝安区中心区甲岸路熙龙湾花园(近东苑王府),0755-27597269,周一至周日10:00-20:00                ,大众点评
皇室纤体美容SPA会所(东海城市广场店),福田区红荔路8099号东广场3层(地铁车公庙站),0755-88370521,周一至周日10:00-22:00                ,大众点评
佩霖自然养生会所(龙华九方购物中心店),龙华区人民路2020号龙华九方购物中心1层,0755-23739585,"周一至周四,周日10:00-22:00周五,周六10:00-22:30                ",大众点评
释梦格美容养生会所,福田区莲花路2055号怡枫园C栋403(景田地铁站C出口),18665365770,周一至周日12:00-23:00                ,大众点评
莱百迪美容养生会所,福田区金田南路水围时代广场2楼229号铺,0755-83176565,周一至周日09:30-20:30                ,大众点评
四季水乡SPA会所(桃源村龙珠店),南山区龙珠六路十五峰北门旁,0755-82881189,周一至周日10:30-21:30                ,大众点评
珍艾皇宫(欢乐颂店),南山区南新路3022号华润万家欢乐颂4楼(南山法院旁),0755-86646800,周一至周日10:00-22:30                ,大众点评
皇室纤体美容SPA会所,南山区华侨城潮州西街,0755-26942523,周一至周日09:00-22:00                ,大众点评
优美堂SPA会所(南山店),南山区南头街道深南大道与南新路交汇处英达钰龙园裙楼B栋B3,0755-86198165,周一至周日10:30-22:00                ,大众点评
东方丽人高端定制美容会所,福田区下沙京基滨河时代C2座6F(皇茶边c2栋),18638888266,周一至周日11:00-21:00                ,大众点评
依贝佳专业美容SPA会所(香榭里店),福田区农园路96号香榭里花园会所2楼,0755-83139971,Ebeca,大众点评
深圳市龙华新区观澜伊丽丝美容养生会所,龙华区求知路与沿河路交叉路口(观澜天虹),0755-29830883,周一至周日09:00-22:00                ,大众点评
沃德美美容SPA会所(香蜜半山店),福田区香蜜湖街道兰江山第花园一期2栋A座105室,0755-23601299,周一至周日09:30-22:30                ,大众点评
鸿海健康会所,罗湖区罗湖口岸交通楼小综合楼3~5楼,0755-25877551,周一至周日10:00-22:00                ,大众点评
爱美国际美容养生会所,龙华区龙华新区世纪春城8号地民兴路27号(大润发民治店),18038096948,周一至周日10:00-22:00                ,大众点评
现代尊尚美容会所,龙华区龙华新区观澜大道96号(比邻新天地1层),0755-29020091,周一至周日09:30-22:00                ,大众点评
姿韵堂美容养生会所,福田区新洲九街嘉葆润金座家园A座1层27号商铺(近广发银行，近A座大堂),0755-82785055,周一至周日10:00-22:00                ,大众点评
暄琳恣美容养生会所,龙岗区龙翔大道海逸雅居4112铺,0755-28911089,周一至周日10:00-21:30                ,大众点评
水胭脂美容美体养生会所,龙华区清泉路清湖地铁站D出口雅尊会所雅尊商务楼203,18923726203,周一至周日10:00-22:00                ,大众点评
非凡美容会所,宝安区宝安大道老村长旁,18681480568,周一至周日10:00-22:00                ,大众点评
媛名媛美容养生会所,南山区西丽街道大|购物广场三楼(JS舞蹈连锁大|分店),0755-86549586,周一至周日09:00-22:00                ,大众点评
雪姬美素(港隆城店),宝安区宝安80区宝民二路111号港隆城广场6楼雪姬美素,0755-33880860,周一至周日09:30-22:30                ,大众点评
汇美颜养生会所(星河店),福田区彩田路星河第三空间B座1单元1706室,0755-86691669,周一至周日11:00-21:00                ,大众点评
沃德美美容SPA会所(安柏店),福田区深南大道安柏丽晶花园北侧裙楼1楼,0755-82922925,周一至周日09:30-22:30                ,大众点评
阳光丽人美容养生SPA会所,龙华区大浪街道鹊山新村32栋101室(又一村海鲜城正对面),15220050518,周一至周日10:00-22:00                ,大众点评
圣域美美容养生会所,宝安区立新路2-1号,18194049897,周一至周日09:30-22:00                ,大众点评
法国安杰玛SPA会所(星河丹堤店),龙华区梅观路星河丹堤客服中心旁(梅林海关东侧),0755-27616162,周一至周日10:00-20:00                ,大众点评
梦家园美容养生会所,龙岗区四联路9号1-3楼(雨施咖啡馆正对面),0755-28229248,周一至周日09:30-21:30                ,大众点评
新港美养生会所,福田区华强北深纺大厦女人名店4楼D02-D06(华强北地铁站),0755-36989466,周一至周日09:30-22:00                ,大众点评
倾城SPA会所,福田区金田路银庄大厦裙楼一、二层南侧1楼,0755-83568356,周一至周日09:30-24:00                ,大众点评
丹贝儿美容养生会所,龙华区创业路汇海广场B座1905室,0755-23776364,周一至周日09:00-21:00                ,大众点评
道天香美容健康养生馆(水颜春天龙岗世贸店),龙岗区中心城龙翔大道世贸百货2楼C区(近区政府),0755-28905630,周一至周日10:00-22:00                ,大众点评
还原美健康美容会所(上步店),福田区南园路68号上步大厦3楼(近地铁一号线D出口),0755-82128617,周一至周日09:00-21:00                ,大众点评
卉妍国际SPA美容会所(国贸店),罗湖区南湖街道南湖路铂金时代公寓一楼商铺101-01,13360534886,周一至周日10:00-22:00                ,大众点评
法国安杰玛SPA会所(兰溪谷店),南山区蛇口沿山路兰溪谷文体中心二楼,0755-86081039,周一至周日10:00-20:00                ,大众点评
