店铺名字,公司地址,联系方式,营业时间,数据来源
Nice U漂亮的你,南山区创业路保利城花园一楼商铺103（佳嘉豪苑公交站西100米、海王大厦东200米）,0755-86522334/18664919826,周一至周日10:00-22:00,美团
克丽缇娜美容（皇岗店）,福田区皇岗公园一街凯悦绿城第一层6号商铺（云顶翠峰一期大门对面）,0755-22222193,周一至周日10:00-22:00,美团
爱之美美容美体SPA,罗湖区春风路佳宁娜广场c座702（1号线国贸A出口，地铁9号线人民南站C出口，85度奶茶店后面）,15818680221,周一至周日10:30-22:00,美团
ClinSkin「科丽研肌」肌肤管理中心（罗湖万象城店）,罗湖区宝安南路1881号华润万象城一期3层329,0755-82665670,周一至周日10:00-22:00,美团
四季伊人美容美甲美妆定制,南山区南新路英达钰龙园B-17号铺,13502896147/13539542340,周一至周日09:00-21:00,美团
伊然美美容养生工作室,龙华区观澜大道深业泰然观澜玫瑰苑E座502号（维也纳国际酒店斜对面老街人行天桥）,13510718486/18998905645,周一至周日09:30-21:30,美团
VI薇爱国际半永久皮肤管理中心,南山区南海大道公园道B座25楼2515室（近来福士广场，汉京国际对面）,13760354361/18682202252,周一至周日10:00-21:00,美团
国色美容养生馆,龙华区富联新村一区清龙路新梅园酒店停车场出口处（清湖地铁B出口直走100米左转50米）,0755-29834658/13713637739,周一至周日09:00-23:00,美团
戴安娜美容科技有限公司,福田区石厦新天世纪商务中心B1104,0755-23940969/13612868662,周一至周日10:00-20:00,美团
肌密科技美肤中心,福田区福华一路国际商会大厦A座5楼512（靠近福田地铁站，购物公园地铁站）,0755-23915263/18902846000,周一至周日11:00-20:00,美团
丽姿媛美容美体生活馆,龙岗区南岭村商业街碧水湾一楼（正州连锁药店对面）,15919896135,周一至周日10:00-22:00,美团
克丽缇娜美容店（东海店）,福田区车公庙农科中心东海花园一期102/103铺,13247623022,周一至周日09:00-22:00,美团
韩方科颜专业祛痘・皮肤管理中心（宝安中心店）,宝安区创业一路1004号宏发中心大厦26楼2615室（宝安中心地铁站B出口右侧）,0755-28880986,周一至周日11:00-22:00,美团
瑞倪维儿美容美体会所,龙岗区龙岗街道传麒尚林花园118商铺,0755-28918730/18123639575,周一至周日10:00-23:00,美团
奈瑞儿美颜塑身SPA（南山益田店）,南山区深南大道瑞思中心A座104号商铺（世界之窗对面）,0755-83389205/83389206,周一至周日10:00-22:00,美团
川妍美丽定制,福田区金田路金中环酒店公寓B1519,13510210021,周一至周日11:00-21:00,美团
Am艾美美容,宝安区新安街道创业天虹后面44区12栋103,13713897907,周一至周日10:00-22:30,美团
706逆龄SPA馆,罗湖区人民南路佳宁娜广场A座1305（平安银行旁边）,13632845440/13410298573,周一至周日11:00-22:00,美团
奥斯芬欧系贵族SPA（KKmall店）,罗湖区深南东路5016号京基百纳kkmall空间2楼211铺（近地王大厦）,0755-22909188/22909133,"周一至周四,周日10:00-23:00周五,周六10:00-23:30",美团
荟草堂肌肤管理中心（万象天地店）,南山区大冲都市花园F栋1503（铜鼓路万象天地斜对面，1号罗宝线高新园A出口）,15019235970,周一至周日12:00-21:00,美团
心悦美容养生馆,罗湖区黄贝岭路深业东岭2栋1808（黄贝岭地铁站）,17666290998,周二至周日10:00-22:00,美团
梵熙轻奢容貌管理中心,福田区深南大道6017号都市阳光名苑2座22楼D（纯K、NEO）,15323453637,周一至周日10:00-22:00,美团
圣莎美容会馆,福田区下梅林河背村84号201（农行向北100米）,0755-83282412,周一至周日10:00-22:00,美团
百莲凯高科技美容国际连锁机构,龙华区华旺路144号2楼百莲凯高科技美容院（大浪商业中心天桥对面福伴生活超市二楼）,0755-28880010/18922801902,周一至周日10:00-22:00,美团
万色形象高端皮肤管理中心（宝安中心店）,宝安区创业一路宏发中心大厦730室（宝安中心地铁站B出口旁）,0755-82794959/18826563885,周一至周日10:00-21:00,美团
魅力彩儿美容美体连锁,龙岗区坂田街道吉华路999号坂田商业大厦商场三楼,0755-89957579,周一至周日09:30-21:30,美团
千蔓美容养生中心,龙华区民治华侨新村16栋102号（华记砂锅粥右边，易站旁边）,18822883119/13662574183,周一至周日10:00-22:30,美团
清潭U韩式皮肤管理（南山店）,南山区科发路大冲国际中心4楼C1单元（科发路与铜鼓路交口西南角）,0755-26402412/19928710671,周一至周日10:00-21:00,美团
百美美容院,罗湖区人民北路1008号中威广场3楼326号铺,13632608565,周一至周日10:00-21:00,美团
古韵美美容养生,宝安区中心路棕榈堡25号商铺（天虹公交站台后面，天虹商场后面）,13603055536/15113599073,周一至周日10:00-22:00,美团
晶奕空间专业脱毛连锁机构（华强北店）,福田区华强北街道振华路深纺大厦A座504室,0755-82706131/82706141,周一至周日10:00-20:00,美团
荣胜美容养生馆,南山区留仙大道新围村39栋（杨氏推拿后面）,13612881078,周一至周日12:00-22:00,美团
盛美达科技美容,福田区中航路世纪汇都会轩45楼4503（九方GAP对面、1号线华强路B出口）,0755-28887117/13117771788,周一至周日10:00-22:00,美团
Skin Beauty・零肌肤管理中心,罗湖区宝安南路龙园创展大厦8楼（地王大厦隔壁、振业大厦对面）,18823312612,周一至周日10:30-20:00,美团
思诺美容养生会所,福田区上步南路国企大厦A座19F（新城市广场，近科学馆D出口）,18682162097,周一至周日10:00-22:00,美团
丽人堂专业美容美体SPA中心,龙华区中环路华润万家商业中心购物广场A6栋16号（一米阳光便利店）,15811814260,周一至周日10:00-22:00,美团
科芮恩美痘斑敏皮肤管理中心（坂田店）,龙岗区吉华路坂田商业广场乐汇城二楼209号（近中国黄金）,18123648996,周一至周日10:00-22:00,美团
bab&bage巴贝奇美容理疗管理中心（国贸店）,罗湖区国际商业大厦北座6楼（雪依氏美容）,0755-22202583,周一至周日10:30-22:00,美团
茵美莱美颜美体管理中心（国贸店）,罗湖区嘉宾路3005号国际商业大厦北座七楼714-715室（国贸地铁E出口，海燕大酒店对面）,0755-82329165,周一至周日10:00-21:00,美团
仙娜健康管理中心（卓越维港）,南山区蛇口招商街道办科苑南路卓越维港名苑南区13栋1层145商铺,0755-86398467,周一至周日11:00-22:00,美团
触摸自然美容养生形象店,福田区上步南路66号佳兆业中心B座24楼2414,15989583670,周一至周日11:30-22:00非营业时段2018-09-02至2018-09-03 全天,美团
奈瑞儿美颜塑身SPA（壹方天地店）,龙华区梅龙路壹方天地life广场-4楼（近明珠商务大厦公交站）,0755-83500052/83500053,周一至周日10:00-20:30,美团
晶奕空间专业脱毛连锁机构（东门店）,罗湖区百货广场大厦东座10层1014室,0755-82329174/82329274,周一至周日10:00-20:00,美团
金皇后茱莉蔻JURLIQUE美容美体SPA会所,龙华区民塘路书香门第02号铺（上河坊必胜客对面）,0755-23446903,周一至周日10:00-22:00,美团
丽佳缘美容店（樟树布店）,龙岗区翠山西四巷2号一楼（近菁华幼园）,18823392330/13760335372,周一至周日10:00-22:00,美团
MC LADY'S美莲娜皮肤管理中心（中信店）,福田区埔尾路2号（红岭大厦）,0755-82390088,周一至周日10:00-21:30,美团
艾莉森美容养生馆,南山区深南大道国际市长交流中心1107（瑞驰酒店）,0755-26413202/15899780611,周一至周日10:00-22:00,美团
致芳华美容连锁（水榭花都）,福田区香梅路香蜜湖水榭花都三期商铺1005号,0755-82733788,周一至周日09:00-22:00,美团
新妍皙科技美肤中心,南山区深南大道瑞思中心A座25楼2509（益田假日广场旁边）,17727592515/15012467188,周一至周日09:30-21:30,美团
芳子美容（皇城广场店）,福田区福田南路皇御苑皇城广场3楼311铺,0755-82516262,周一至周日09:30-21:30,美团
奈瑞儿美颜塑身SPA（佐t虹湾店）,福田区北环大道6098号（绿景佐t虹湾购物中心L3001号铺）,0755-83389091/83389092,周一至周日11:00-22:30,美团
晶奕空间专业脱毛连锁机构（后海店）,南山区海德三道195号天利中心商务大厦C座2106A单元,0755-86702841/86702842,周一至周日10:00-20:00,美团
焕颜美容养生,宝安区西乡大道圣淘沙11栋9号,0755-27793380/27754432,周一至周日10:00-22:00,美团
优美美容SPA（西丽一店）,南山区西丽镇珠光路宝珠花园东大门（珠光地铁D出口）,0755-26965199,周一至周日10:00-22:00,美团
奥斯芬欧系贵族SPA（万象城店）,罗湖区宝安南路1881号华润万象城一期3层328,0755-25932299/25576622,周一至周日10:00-22:00,美团
圣丽春天美容养生会所,宝安区宝安新城大道富通好旺角1栋2楼,0755-29790066/29790022,周一至周日09:00-22:00,美团
贵妃颜美容养生SPA会所（横岗大厦店）,龙岗区横岗大厦银信3楼3015号（直升电梯左边）,0755-28319299,周一至周日10:00-22:30,美团
晶奕空间专业脱毛连锁机构（深圳购物公园店）,福田区深圳福田中心区民田路华融大厦1506室,0755-82560421/82560420,周一至周日10:00-20:00,美团
奈瑞儿美颜塑身SPA（福田世纪汇店）,福田区深南中路世纪汇广场四楼415号,0755-83500020/83500021,周一至周日11:00-22:00,美团
恒御颜美容皮肤管理中心,龙华区华繁路龙华新区大浪商业中心大浪茶都一楼M栋B06-07,0755-21018286/13576439096,周一至周日09:30-22:30,美团
恩熙韩国皮肤管理中心,龙岗区布吉锦龙路万科红广场万达电影院附近（五号线百鸽笼地铁站A出口附近，万象汇斜对面）,13560039791,周一至周日10:30-21:00,美团
茜聆美容养生,罗湖区宝安南路大信大厦7J,0755-82329923/13926532506,周一至周日10:00-22:00,美团
紫熙洲美容养生馆,龙岗区景芬路口观山大卫华庭二楼商铺（名典咖啡）,0755-84822527,周一至周日10:00-22:00,美团
晶奕空间专业脱毛连锁机构（深圳国贸店）,罗湖区深圳人民南路3005号深房广场B座1505室（金光华广场对面）,0755-82341982/82342982,周一至周日10:00-20:00,美团
迪菲SPA美容养生馆,盐田区沙头角上东湾办公楼三楼A06（黄贝岭地铁站）,0755-82638857,周一至周日09:30-22:00,美团
艾米莉美容养生生活馆,南山区国际市长交流中心928室（白石洲地铁站C出口）,15013473576,周一至周日10:00-22:00,美团
亦心日本永久脱毛,福田区彩田路2009号瀚森大厦1003室（1号线岗厦地铁站C出口100米）,15718470098,周一至周日10:00-21:00,美团
秀尔丽思美容养生馆,龙华区民治街道逸秀新村58栋103铺（窝巢公寓）,13602692339/13760399361,周一至周日10:00-22:30,美团
秘密皇后养生会所,龙华区龙华人民路中央原著御珑苑69-79号底商,0755-85283711,周一至周日10:00-22:00,美团
仙娜健康管理中心（国贸分院）,罗湖区人民南路国贸天虹B区4层,0755-82486123,周一至周日11:00-22:00,美团
多姿汗蒸美容养生馆,南山区南头古城中山南街72号（南头关帝庙、南头沃尔玛、篮球场）,13530446986,周一至周日09:00-23:00,美团
柔丽莎美容SPA,龙华区人民南路合正中央原著藏珑苑半地下层15-17号商铺,0755-23595922,周一至周日10:30-22:00,美团
fairy&beauty菲颜国际皮肤管理中心,南山区文心五路海岸城西座21楼2112室,0755-86540107/18565758107,周一至周日10:00-22:00,美团
芳子美容（恒立心花园店）,南山区恒立心二期三栋01层34号商铺,18124130701,周一至周日10:00-21:00,美团
宫廷肤宝皮肤管理,龙岗区龙岗大道爱联A区爱联步行街18-3,15767633078/13060873780,周一至周日10:00-22:00,美团
仙娜健康管理中心（海月分院）,南山区工业八路招商海月花园二期29栋一号铺,0755-26882703/26409606,周一至周日10:00-22:00,美团
天姿国色美容馆,罗湖区华丽路1039号1栋1单元,0755-25423805/15899769757,周一至周日10:00-21:00,美团
百莲凯美容养生会所,罗湖区沿河南路1025号_38号（沿河南路柏斯顿酒店）,0755-82333871/15914111254,周一至周日10:00-22:00,美团
韩莱国际科技美肤连锁（南山店）,南山区粤海街道海德二道与文心五路交汇处海岸城东座203（后海地铁站D1出口右侧楼梯直走300米）,0755-86716961/13316556088,周一至周日10:00-22:00,美团
芳子美容（中州华府店）,宝安区新安中央公园中洲华府一期3栋16铺,0755-26804321/23302783,周一至周日09:30-21:30,美团
伊园美容美体养生馆（新和店）,宝安区福永新和一区17巷8号（水榭年华对面岗亭直走右转80米）,18824630908/13874248845,周一至周日10:00-23:00,美团
NATURE BEAUTY 素妍美肌,福田区车公庙天地源盛唐大厦西座1102室（天地源盛唐大厦西座，地铁下沙站Ｃ出口）,0755-23610384,周一至周日12:00-20:30,美团
奈瑞儿美颜塑身SPA（阳光科创店）,南山区南山街道南新路阳光科创中心二期A座105号,0755-83389101/83389103,周一至周日10:00-21:00,美团
仙娜健康管理中心（宝安分院）,宝安区新湖路宏发领域A37-A38号商铺（近宝安院）,0755-33118813/33118818,周一至周日10:30-21:30,美团
甄美养生美容会所,宝安区西乡大道激尚众创空间280号（西乡地铁A出口汇一城天虹5号门旁100米五福精品酒店大堂）,0755-27393202,周一至周日09:30-21:30,美团
涵曦美容美体养生馆（民治店）,龙华区横岭四区112-1蓝牌,13652329932,周一至周日10:00-22:30,美团
美肌工坊皮肤管理（车公庙店）,福田区香林路财富广场A栋16W（近香蜜湖）,15302768537,周一至周日09:30-22:00,美团
美伊尔美容养生馆,南山区西丽平山一路桑泰丹华三期113铺（尊宝披萨隔壁）,15818519864/15218748016,周一至周日10:00-21:30,美团
悦美时尚美容美甲,罗湖区东门太阳广场旁南塘商业广场2楼B2-2（地铁1号钱，3号线！老街站A出口，）,0755-22907939/13570862289,周一至周日11:00-22:00,美团
仙娜健康管理中心（华侨城分院）,南山区香山西街首地容御花园2栋1号商铺,0755-86518100,周一至周日10:00-22:00,美团
汐颜美容养生会所（爱联店）,龙岗区石岗圩路52号102商铺（星河实验小学斜对面）,15814048289,周一至周日10:00-22:00,美团
致芳华美容连锁（新浩城店）,南山区深南大道侨城东地铁站B出口（新浩城花园1B-1）,0755-26938116,周一至周日09:00-22:00,美团
仙娜健康管理中心（香蜜湖分院）,福田区农园路香域中央商铺106号,0755-82551596,周一至周日10:00-22:00,美团
伊人美美容养生中心,宝安区长春中路19号2楼,0755-23191226/18025406062,周一至周日10:30-22:30,美团
名媛阁,龙岗区坂田街道禾田步行街国惠康一楼,13480906577/15767180283,周一至周日10:00-23:00,美团
奥斯芬欧系贵族SPA（万象天地店）,南山区华润万象天地SL312号商铺,0755-86687988,"周一至周四,周日10:00-22:00周五,周六10:00-22:30",美团
奢.悦 抗衰spa私人定制,宝安区创业一路1014-26号（西城上筑）,0755-27800537/15059988885,周一至周日10:00-22:30,美团
悦容美容SPA会所,福田区新洲八街蜜园24号铺（社康中心旁）,0755-82777031,周一至周日11:00-22:00,美团
仙娜健康管理中心（和平分院）,罗湖区解放路3009号茂业奥特莱斯2楼C区,0755-25855863/25855870,周一至周日11:00-22:00,美团
芳子美容（尚都花园店）,宝安区尚都花园2栋121号物业,0755-23073973,周一至周日09:30-21:30,美团
丹玺惠艾灸美容养生馆,福田区彩田路3002-1号彩虹大厦24E岗厦地铁站A出口旁,0755-82533326,周一至周日10:00-21:00,美团
仙娜健康管理中心（太白分院）,罗湖区太白路松泉山庄3栋5栋裙楼2层南面商铺,0755-25434559,周一至周日11:00-22:00,美团
涵曦美容美体养生馆（民治店）,龙华区横岭四区112-1蓝牌,13652329932,周一至周日10:00-22:30,美团
水疗IKI SPA,龙岗区龙城街道黄阁路天安数码新城二栋B座13楼1304室（天健现代城，龙岗中专，面点王）,0755-28997223,周一至周日10:00-22:00非营业时段2018-02-15至2018-02-18 00:00-23:30,美团
仙娜健康管理中心（益田分院）,福田区益田村8-9栋之间一楼商铺,0755-83837839/83807109,周一至周日11:00-22:00,美团
克丽缇娜（观澜大道玫瑰轩店）,龙华区观澜大道深业泰然・观澜玫瑰苑202商铺,0755-21042179/18922868872,周一至周日10:00-22:00,美团
一代倾城 美容美体SAP（玖龙荟店）,龙华区民塘路玖龙荟3楼3N006-007店铺（白石龙地铁站B出口）,0755-23779097/18025489255,周一至周日09:30-22:00,美团
奈瑞儿美颜塑身SPA（芒果店）,南山区后海大道芒果网大厦一楼商铺（北京银行旁）,0755-82830301/82830302,周一至周日10:00-22:00,美团
亚莉纱韩式抗衰老美容美甲美睫,南山区南山大道南园枫叶国际公寓B座9号铺,0755-26915661,周一至周日10:00-22:00,美团
仙女时代美容SPA会所（民治店）,龙华区民治大道维也纳国际酒店万众城店正门右侧,0755-32907029/13169940566,周一至周日10:00-22:00,美团
美疤克（福田壹秀店）,福田区大中华国际金融中心C座1207（2号线岗厦北A出口、1号线岗厦A出口）,13631534710,周一至周日09:00-20:00,美团
美伊尔美容养生馆,南山区西丽平山一路桑泰丹华三期113铺（尊宝披萨隔壁）,15818519864/15218748016,周一至周日10:00-21:30,美团
芳子美容（恒立心花园店）,南山区恒立心二期三栋01层34号商铺,18124130701,周一至周日10:00-21:00,美团
曼莉莱欧皮肤管理美容中心,南山区南山区南海大道1119号花园城一期商铺（蛇口沃尔玛斜对面）,0755-26813376/17727806106,周一至周日09:30-22:00,美团
金品苗方专业美容祛痘中心（爱联分店）,龙岗区余岭西路154号,0755-89328825/15073806266,周一至周日10:00-21:30,美团
雪肌妮丝美容美体养生会所,龙华区高翔路28号锦绣御园7栋2楼11号商铺（汇海广场对面）,0755-23766265/13316566682,周一至周日10:00-22:00,美团
科芮恩美痘斑敏皮肤管理中心（万科店）,龙岗区中心城万科大厦D座910,18926493033,周一至周日10:00-22:00,美团
芳子美容（鸿翔花园店）,罗湖区松园路68-38号鸿翔花园1073-1076,0755-22153912/22153962,周一至周日10:00-21:00,美团
奈瑞儿美颜塑身SPA（中央原著店）,龙华区人民路中央原著御珑苑1栋一楼1-2号商铺,0755-83389080/83389081,周一至周日11:00-21:30,美团
赫瑞国际高级美颜定制中心,南山区田厦国际大厦b座2540（南头小学对面）,18312000277/18666616993,周一至周日10:00-21:00,美团
Lapramol-ORIE里海之谜（龙华佐t店）,龙华区布龙路绿景佐t香颂购物中心一楼,13537772440,周一至周日10:00-22:00,美团
芳子美容（车公庙店）,福田区香林路香珠花园C栋2-106室（东海国际公寓）,0755-82022973/83478952,周一至周日09:30-21:30,美团
奥斯芬欧系贵族SPA（KKone店）,福田区滨河大道9289号（京基滨河时代北区3层304室）,0755-88635187/88635177,"周一至周四,周日10:00-22:00周五,周六10:00-22:30",美团
美仁国际养生亚健康调理中心,龙华区白花社区裕民花园一期2栋A202（荣v地产上）,13929750598,周一至周日09:00-22:00,美团
百莲凯美容养生会所,罗湖区沿河南路1025号_38号（沿河南路柏斯顿酒店）,0755-82333871/15914111254,周一至周日10:00-22:00,美团
韩莱专业永久脱毛连锁（罗湖店）,罗湖区人民南路3004天虹4楼B区国贸大厦（地铁国贸站C出口）,0755-25901116/13723757965,周一至周日10:00-22:00,美团
奢.悦 抗衰spa私人定制,宝安区创业一路1014-26号（西城上筑）,0755-27800537/15059988885,周一至周日10:00-22:30,美团
芳子美容（西海湾店）,南山区创业路西海湾花园B区商铺52,0755-22677249,周一至周日09:30-21:30,美团
奈斯国际皮肤管理中心,罗湖区宝安南路龙园创展大厦1704室,13061800979/13590165222,周一至周日10:00-23:30,美团
娥们美容（西海明珠店）,南山区西海明珠花园A2栋一楼大堂会所（点滴精致洗车）,0755-86193552,周一至周日10:00-22:00,美团
爱鹿美容养生会所,龙华区龙华天虹西侧花园新村8栋4号,0755-28105349/15889468810,周一至周日09:30-22:00,美团
J・Y国际抗衰中心,福田区深圳福田区中海华庭华景峰2座28b,13997851993/15018900514,周一至周日10:00-22:00,美团
伊园美容美体养生馆（新和店）,宝安区福永新和一区17巷8号（水榭年华对面岗亭直走右转80米）,18824630908/13874248845,周一至周日10:00-23:00,美团
I QUEEN 8090快捷美容连锁（Coco City店）,龙华区梅龙路2号Coco City2层,0755-23735716,周一至周日09:00-22:00,美团
首尔亚美韩妍丽形象管理（龙华分店）,龙华区创业路弓村锦绣御园8栋B座2楼15-16号铺,18825206620/15889617087,周一至周日09:30-21:30,美团
奈瑞儿美颜塑身SPA（福田世纪汇店）,福田区深南中路世纪汇广场四楼415号,0755-83500020/83500021,周一至周日11:00-22:00,美团
水女子美容会所,龙岗区银威路远洋新干线1期公寓A座正对面2楼,0755-85204149/13316415168,周一至周日09:00-22:00,美团
仙娜健康管理中心（前海分院）,南山区前海路港湾丽都商业广场华夏君盛影城二楼内侧,0755-86955326,周一至周日10:00-22:00,美团
紫熙洲美容养生馆,龙岗区景芬路口观山大卫华庭二楼商铺（名典咖啡）,0755-84822527,周一至周日10:00-22:00,美团
嘉曦美容自然养生旗舰店,龙岗区京南路107-7号（百合酒店附近）,13651483464,周一至周日10:00-22:00,美团
仙娜健康管理中心（翠苑分院）,罗湖区太宁路翠苑大厦2楼,0755-25619313/25619213,周一至周日11:00-21:00,美团
创美设计依绮绣美容美甲纹绣店,南山区桂庙路69号（南山地铁站H出口西行150米）,13267113889/15814696704,周一至周日10:30-22:30,美团
多莱美美容养生馆,龙岗区布吉镇三联村茵悦之生花园5栋5号,0755-84722611,周一至周日10:00-22:00,美团
美肌工坊皮肤管理（福田华融大厦店）,福田区民田路华融大厦1410室（近平安大厦）,15323791320,周一至周日09:30-22:00,美团
芳子美容（凯旋城店）,宝安区宝城中心区N8区金泓凯旋城12栋148B,0755-23501407,周一至周日10:00-21:00,美团
I QUEEN 8090快捷美容连锁（云里店）,龙岗区坂雪岗大道云里智能园4栋1F（坂田地铁站D出口）,0755-28484215,周一至周日10:00-22:00,美团
清潭U韩式皮肤管理（来福士店）,南山区南山街道登良路26号公园道大厦B座3A楼407（来福士广场旁）,0755-26929243/18928410321,周一至周日10:30-22:00,美团
M・U高端美容生活馆,龙华区人民路建设银行小路进来200米A6-15（龙华地铁C出口美丽AAA购物广场A6-15）,13510352672/18316621450,周一至周日10:00-21:30,美团
中缘佳美容美体瘦身产后修复中心,龙华区深圳大浪街道同胜社区华旺路同富裕工业园内第一区综合楼一楼8-9号门面（龙华劳动者广场）,18026917217/15814031176,周一至周日10:00-22:00,美团
饭团美妍科技护肤中心（大新时代店）,南山区学府路263号大新时代大厦12楼（靠近阳光棕榈园）,13392846455,周一至周日09:00-21:00,美团
柔丽莎美容SPA,龙华区人民南路合正中央原著藏珑苑半地下层15-17号商铺,0755-23595922,周一至周日10:30-22:00,美团
辉辉美容养生馆,罗湖区金稻田路清水河新村16号101-c,13507288045,周一至周日09:00-21:00,美团
研多萃皮肤管理中心（光明红花山店）,宝安区光明新区公明街道望胜路7号（红花山斜对面）鼎峰大厦705,18688623178,周一至周日10:00-22:00,美团
锦鸿阁美容养生馆,龙岗区坂田街道布龙路杨美村上段3巷14号,13715324410,周一至周日09:00-22:30,美团
芳子美容（缇香名苑店）,福田区红荔路缇香名苑裙楼121B（招商银行大厦北面）,0755-25311398/25311618,周一至周日09:30-21:30,美团
因肤美学皮肤管理中心,福田区泰然九路天地源盛唐大厦西座2406室（地铁9号线下沙站c出口）,13714548503,周一至周日11:00-20:00,美团
An科技美肤美体中心,宝安区白石厦大道建源鞋城斜对面,15989466542,周一至周日10:00-22:00,美团
I QUEEN 8090快捷美容连锁（梅陇店）,龙华区梅龙路世纪春城四期2栋1楼民生银行旁,0755-29362975,周一至周日10:00-22:00,美团
花明かり日式美学,福田区彩田路嘉麟豪庭B座503（大中华 CBD）,18620328681/15019284062,周一至周日11:00-22:00,美团
春娇养生美容美甲,宝安区上川路21号,13600173389,周一至周日10:30-22:00,美团
芳子美容（宝安南路店）,罗湖区煤场路雅馨居首层22号,0755-25946697/25946687,周一至周日09:30-21:30,美团
镁镁时光皮肤管理中心,宝安区新湖路宏发中心大厦1528室（壹方城对面）,13662570255,周一至周日10:00-21:00,美团
东方佳人美容院（沙井店）,宝安区富通路一巷18号棕榈堡花园（丽沙花都北门斜对面，沙井天虹后面小区）,13088801701/13613081903,周一至周日09:30-22:00,美团
婕斯曼皮肤管理中心（黄贝路店）,罗湖区黄贝路碧波花园市场二楼A20商铺（建设银行对面，碧波华润万家旁边）,0755-25164717/18948776939,周一至周日09:30-21:30,美团
美肌工坊皮肤管理（时光城店）,宝安区沙井镇新沙路597号hello时光城3楼（沙井汽车站对面）,0755-23359467/19928714088,周一至周日10:00-22:00,美团
美咖.汗蒸美容半永久定制（公明店）,宝安区公明街道康德街与明安街交叉口南北药房3楼301（盛妆广场，公明派出所，天虹商场）,18576710525,周一至周日10:00-22:00,美团
芙美琳美容养生会所,龙岗区横岗街道横岗大厦银信中心11楼11室（电梯口斜对面）,15880110206/13729170023,周一至周日10:00-22:00,美团
云艺半永久皮肤管理中心（壹方城旗舰店）,宝安区新湖路宏发中心大厦23楼16室（壹方城正对面）,13751003623/15012723058,周一至周日11:00-22:00,美团
润妍美容院,南山区前海路大新休闲广场11号（大新地铁站D出口）,13510554588,周一至周日12:00-22:00,美团
芳子美容（天骄华庭店）,南山区工业八路123号1号楼商铺06号（海悦地铁公交2站）,0755-88274415,周一至周日10:00-21:00,美团
美肌工坊皮肤管理（石厦马成时代广场店）,福田区石厦北二街89号马成时代广场三层322号（石厦新天世纪商务中心旁）,15338866531,周一至周日10:00-22:00,美团
红颜・头道汤,南山区桃园路万花筒3楼L135,0755-84822793/18038086550,周一至周日10:00-22:00,美团
简爱小窝,福田区皇岗新村67-2号,19925449296,周一至周日11:00-23:00,美团
谦和国际皮肤管理（阳光科创店）,南山区南新路阳光科创中心E座2113,15920067918,周一至周日11:00-21:00,美团
苏三说美容美甲（沙头角店）,盐田区沙头角沙盐路荣津乐活城三楼018铺（关口附近）,0755-25367678/13923762269,周一至周日10:00-22:00,美团
芳子美容（竹子林店）,福田区紫竹四道香诗美林花园1-2栋裙楼103单位,0755-82025871/82025870,周一至周日09:30-21:30,美团
仙娜健康管理中心（观澜分院）,龙华区观澜镇街道办大和路中航格澜郡阳光花园商铺306-313（天虹商场旁）,0755-29506562/29506762,周一至周日11:00-22:00,美团
姿伊美容养生馆,福田区下梅林绿景虹湾G栋5E,0755-82735743,周一至周日10:00-22:00,美团
芳子美容（绿海湾店）,南山区绿海湾花园商面20号,0755-88272256,周一至周日09:30-21:30,美团
xHUI SPA,罗湖区宝安南路1036号鼎丰大厦505-510室（近万象城、地王大厦）,0755-86690858/86690878,周一至周日11:00-24:00,美团
娇子美容美体,宝安区中心路沙利公馆2113室,13428746853,周一至周日10:00-22:30,美团
N次芳Angels'fun美肤美体私人定制（大运分店）,龙岗区大运颐安二期6号铺（二期停车场出入口旁）,0755-84820170,周一至周日10:00-22:00,美团
仙娜健康管理中心（景田分院）,福田区景田路万托家园3A楼,0755-83130218/83145130,周一至周日10:00-22:00,美团
跃莱美容养生健康管理中心,龙岗区大芬东大街中翠路东兴苑A座801室,13534203639,周一至周日10:00-22:00,美团
阳光美容中心,宝安区大洋路93号好万年超市一楼商铺,13714394413,周一至周日09:00-22:00,美团
美肌工坊皮肤管理（壹方城店）,宝安区新湖路壹方中心F出口负二楼麦当劳旁,13670297705,周一至周日10:00-22:00,美团
茗媛萱美容养生馆（新和店）,宝安区福永新和二村悦康路30号新美大厦1楼（引领时尚健身会所楼下）,13246607609,周一至周日10:00-22:30,美团
芳子美容（翡翠海岸店）,南山区后海滨路翡翠海岸花园64号商铺,0755-88272947,周一至周日09:30-21:30,美团
一久专业脱毛连锁（购物公园店）,福田区民田路138号购物公园北园2楼201、202（购物公园地铁站B出口，子都川菜旁扶梯2楼）,0755-83251019/13316941911,周一至周日10:00-22:00,美团
佳源美容会所,龙华区龙华和平大厦二单元6楼,13410955573,周一至周日11:00-21:30,美团
美逸美容养生馆,南山区南头街道中山园路中山宛C栋4A（中山公园东门附近）,0755-26612287/18682054575,周一至周日10:30-22:30,美团
奈瑞儿美颜塑身SPA（水围趣坊店）,福田区金田路趣坊二期商城三层307号商铺,0755-82832160/82832161,周一至周日09:30-21:30,美团
百莲凯美容美体养生会所,宝安区新安街道山语华庭1115号商铺,0755-36950210,周一至周日10:00-22:00,美团
唯美时光美容养生会所,宝安区西乡黄田村黄田路69号（黄田第二幼儿园旁）,0755-82592021/13530332915,周一至周日10:30-22:30,美团
美肌工坊皮肤管理（世界之窗店）,南山区益田假日广场瑞思中心A座801-804（世界之窗地铁C1出口右拐瑞思中心A座）,13632880652,周一至周日10:00-22:00,美团
莼芝Z专业祛痘肌肤管理连锁（平湖总店）,龙岗区平湖大街570号平湖派出所公交站台旁二楼,13728998916,周一至周日10:00-22:00,美团
艾美时光・半永久皮肤管理中心,宝安区新湖路西乡天虹汇一城壹中心西座6楼601室（农业银行楼上）,15889882002/18813982190,周一至周日09:30-21:00,美团
美缔斯皮肤管理中心（壹方城旗舰店）,宝安区新湖路宝安中心宏发大厦2002,13682481931/18576784433,周一至周日10:00-22:30,美团
瑞丽美容（南山店）,南山区前海路鼎太风华六期117号商铺（附近公交车站：南山村西  地铁站：大新站）,0755-86219869,周一至周日10:30-22:00,美团
心悦美容养生馆,罗湖区黄贝岭路深业东岭2栋1808（黄贝岭地铁站）,17666290998,周二至周日10:00-22:00,美团
美缔斯皮肤管理中心（壹方城旗舰店）,宝安区新湖路宝安中心宏发大厦2002,13682481931/18576784433,周一至周日10:00-22:30,美团
紫熙洲美容养生馆,龙岗区景芬路口观山大卫华庭二楼商铺（名典咖啡）,0755-84822527,周一至周日10:00-22:00,美团
悦容SPA美容养生会所,龙岗区龙翔大道珠江广场A2,0755-28968366,周一至周日10:00-22:30,美团
韩莱国际科技美肤连锁（万科店）,龙岗区龙翔大道与西埔路交汇处（万科大厦3008）,0755-28512420/18929382327,周一至周日10:00-22:00,美团
奈瑞儿美颜塑身SPA（卓越时代店）,福田区福华路卓越时代广场2B02,0755-83668010/83668020,周一至周日11:00-21:30,美团
韩尚美美容养生馆,南山区新围村139号（西丽366电影院后V站超市门前直走30米）,13713071700/13632668234,周一至周日10:00-22:00,美团
MG・SKIN轻奢皮肤管理中心,龙岗区龙岗大道大都汇可域酒店C座1303室（靠近布吉地铁A出口）,13244885558,周一至周日10:00-22:00,美团
婉晴美容养生馆,宝安区南环路469-1号和一村恒基花园6号铺（兴英科技园公交站台）,13332993423,周一至周日10:00-22:00,美团
仙女时代美容SPA会所（民治店）,龙华区民治大道维也纳国际酒店万众城店正门右侧,0755-32907029/13169940566,周一至周日10:00-22:00,美团
星和国际皮肤管理中心（深圳湾店）,南山区南山中心路海王星辰总部大厦2楼206（靠近君尚百货）,0755-86567366,周日10:00-18:30周一至周六10:00-20:30,美团
致芳华美容连锁（新浩城店）,南山区深南大道侨城东地铁站B出口（新浩城花园1B-1）,0755-26938116,周一至周日09:00-22:00,美团
奈瑞儿美颜塑身SPA（南山益田店）,南山区深南大道瑞思中心A座104号商铺（世界之窗对面）,0755-83389205/83389206,周一至周日10:00-22:00,美团
KIYO珂优皮肤管理半永久（南山店）,南山区科发路大冲都市花园二楼裙楼118号铺,18926465611,周一至周日10:00-22:00,美团
克丽缇娜（观澜大道玫瑰轩店）,龙华区观澜大道深业泰然・观澜玫瑰苑202商铺,0755-21042179/18922868872,周一至周日10:00-22:00,美团
圣熙妍美容美甲半永久工作室,福田区上梅林中康路东方富苑1栋1206,0755-83218257/17727476227,周一至周日10:00-22:00,美团
名媛淑女spa养生馆,宝安区东塘步行商业街1号铺（东塘社区警务室斜对面）,17727813295,周一至周日10:00-22:00,美团
奢.悦 抗衰spa私人定制,宝安区创业一路1014-26号（西城上筑）,0755-27800537/15059988885,周一至周日10:00-22:30,美团
尚美美容养生馆,宝安区松岗街道办东新街一巷11号（百佳华南门）,0755-23340713,周一至周日10:00-22:00,美团
肌漾医疗科技美肤中心,南山区中心路卓越维港南区24号铺（湾厦地铁A出口左转平安银行过桥、恒裕滨城公交车站旁边）（恒裕滨城公交车站旁边，在乐知学和1617花店中间）,0755-88278363,周一至周日09:30-22:00,美团
多莱美美容养生馆,龙岗区布吉镇三联村茵悦之生花园5栋5号,0755-84722611,周一至周日10:00-22:00,美团
致芳华美容连锁（香山里店）,南山区侨北三街华侨城香山里二期105号,0755-26633133/26902484,周一至周日09:00-22:00,美团
吉米科技祛斑,南山区南山区文心五路26号（光大银行隔壁）,0755-86566130,周一至周日10:00-21:00,美团
奈瑞儿美颜塑身SPA（阳光科创店）,南山区南山街道南新路阳光科创中心二期A座105号,0755-83389101/83389103,周一至周日10:00-21:00,美团
奈瑞儿美颜塑身SPA（桃源居店）,宝安区前进二路世外桃源19栋203-204铺（中国银行楼上）,0755-83900062/83900061,周一至周日10:30-21:00,美团
ASK朵漾半永久皮肤管理（布吉星都里店）,龙岗区龙岗大道布吉星都里商业中心6楼606室（大芬地铁站A1出口西行100米）,18038133492/13556877738,周一至周日10:00-21:00,美团
克丽缇娜（福永店）,宝安区福永街道立新南路1号祈福大厦二楼,0755-23572261/13823777711,周一至周日10:00-21:00,美团
奈瑞儿美颜塑身SPA（来福士店）,南山区南海大道来福士2层15号,0755-83389801/83389802,周一至周日10:00-22:00,美团
仙娜健康管理中心（保利分院）,南山区文心五路保利广场家乐福商铺B116-119,0755-86287336/86287339,周一至周日10:30-22:00,美团
爱我面子洗脸吧（下沙一坊店）,福田区下沙一坊88-1号商铺,13360531236,周一至周日11:00-22:00,美团
媛丽美容养生汗蒸馆,龙华区新区龙华街道东环一路水斗富豪新村5巷6号101（公交站台后）,13926502582/18682112051,周一至周日10:00-22:00,美团
韩莱专业永久脱毛连锁（海雅缤纷城购物中心店）,宝安区宝安5区建安一路99号海雅缤纷城购物中心5层L5-022（近建安家乐福）,0755-23228020/15019256683,周一至周日10:00-22:00,美团
盐屋汗蒸美容养生馆（水库店）,罗湖区水库新村统建楼1栋b座101室（乐百佳超市正门前10米，黑店米粉巷子进来就可以了。）,13510109989,周一至周日12:00-22:30,美团
奈瑞儿美颜塑身SPA（首地容御花园店）,南山区侨北二街首地容御花园2栋1C号铺,0755-83900089/83900092,周一至周日10:00-22:00,美团
子壹日韩美甲美睫皮肤管理,龙华区梅龙大道2331号龙湖君荟2349号商铺（清湖小学人行天桥旁）,19925477653,周一至周日10:00-22:00,美团
奈瑞儿美颜塑身SPA（宝安壹方城店）,宝安区新湖路壹方中心北区负2层032B,0755-82831985/82831986,周一至周日10:00-22:00,美团
奈瑞儿美颜塑身SPA（光明传麒山店）,宝安区光源五路深房传麒山5栋101号商铺（华润万佳对面）,0755-83389820,周一至周日10:00-21:30,美团
仙娜健康管理中心（莲花分院）,福田区彩田村彩田居1A,0755-83076329/83155341,周一至周日09:30-22:00,美团
奈瑞儿美颜塑身SPA（南山皇庭港湾店）,南山区中心路皇庭港湾花园裙楼47号,0755-83500036/83500035,周一至周日10:00-23:00,美团
英琪美容养生,罗湖区爱国路新丰大厦B座1楼,0755-25869292,周一至周日09:30-22:00,美团
奈瑞儿美颜塑身SPA（西海湾店）,南山区创业路西海湾花园27-28号铺（东晟地产隔壁）,0755-88300901,周一至周日10:00-21:00,美团
奈瑞儿美颜塑身SPA（布吉万科麓城店）,龙岗区布龙路麓城万科里1AB栋L1-01/L2-01号商铺,0755-83389851/83389850,周一至周日10:30-22:30,美团
奈瑞儿美颜塑身SPA（百仕达店）,罗湖区太宁路28号百仕达花园百怡苑18栋地下一层102号商铺（新建设银行旁）,0755-83383605/83383606,周一至周日10:00-20:00,美团
奈瑞儿美颜塑身SPA（水贝IBC店）,罗湖区东晓街道布心路3008号水贝珠宝总部IBC MALL三楼19-23,0755-82832195/82832196,周一至周日10:00-21:00,美团
奈瑞儿美颜塑身SPA（御龙湾店）,宝安区西乡共乐路松茂御龙湾同学都荟负一楼,0755-83389109/83389110,周一至周日11:00-21:30,美团
奈瑞儿美颜塑身SPA（四季城店）,盐田区盐田北四街山海四季花园商铺B13E01号,0755-83389105/83389106,周一至周日11:00-21:30,美团
年轻我可以美容美肤中心,南山区南山大道1086号南园枫叶公寓B座1811,18018782170,周一至周日10:00-22:00,美团
奈瑞儿美颜塑身SPA（龙华玖龙荟店）,龙华区赤公坑路龙光玖龙荟2楼95号,0755-82830806/82830809,周一至周日10:30-22:00,美团
J-Beauty皮肤管理半永久美睫中心,罗湖区宝安南路幸福华府A栋703A（地铁3或9号线路指示图在大众网环境相册内显示）,18682413528,周一至周日10:00-22:30,美团
奈瑞儿美颜塑身SPA（时代城店）,宝安区西乡街道宝源路与海城路交汇泰丰广场A栋处时代城四楼F403号商铺,0755-82831982/82831983,周一至周日10:30-21:30,美团
奈瑞儿塑身美颜（香坊万豪广场店）,南山区高新南十一道与科技南路交口香坊万豪广场首层107-108铺（百果园西侧）,0755-82830901/82830902,周一至周日10:00-21:00,美团
美肌工坊皮肤管理（布吉生活广场店）,龙岗区布吉街道锦龙路万科红生活广场二楼126号,15718247248,周一至周日09:30-21:30,美团
奈瑞儿美颜塑身SPA（福永同泰店）,宝安区福海街道宝安大道6259号同泰时代广场L2层54/55号,0755-82832125/82832126,周一至周日09:30-21:30,美团
奈瑞儿美颜塑身SPA（蛇口花园城店）,南山区南海大道花园城购物中心四楼405AB铺,0755-82830320/82830321,周一至周日10:00-20:30,美团
娇菲瑞尔美甲美睫半永久皮肤管理（卓悦intown店）,福田区金田路2030号卓悦世纪中心intownL213号铺（instyle美发旁边）,0755-82554921,美团
合美荟美容美体中心（香蜜时代店）,福田区侨香路2026号香蜜湖时代豪庭A座侨香商务中心二楼,0755-23949293,周一至周日10:00-22:00,美团
奈瑞儿美颜塑身SPA（银湖蓝山店）,罗湖区北环大道1026号铺湖蓝山汇10号楼4B号商铺,0755-82832050/82832051,周一至周日11:00-22:00,美团
奈瑞儿美颜塑身SPA（松岗店）,宝安区松岗镇东方大道联投东方L122号铺,0755-83662596,周一至周日10:30-21:30,美团
邻里美容养生馆,龙岗区龙河路东方明珠新城2座603室,13651452687/13651452686,周一至周日10:00-21:30,美团
百莲凯美容美体SPA会所,龙岗区横岗街道红棉路新城汇商场1楼A03--A06室商铺（康乐小学）,0755-28601099,周一至周日10:00-22:00,美团
淇Z 皮肤管理中心,罗湖区深南东路世界金融中心B座2201（地铁老街站B出口）,15817221238,周一至周日11:00-21:00,美团
SOR专业祛痘（洪浪北店）,宝安区新安三路瑞康奇商务大厦408-409（洪浪北站B出口往右后方走80米，左转（不需过马路），往前走80米即可看到大厦，电梯直上4楼）,0755-23214514/18026922718,周一至周日10:00-22:00,美团
SOR专业祛痘（民治店）,龙华区民治大道325号东边商务大楼3028室（民治地铁站D出口往左后方走20米大堂进去电梯直上三楼）,0755-23777760/15323739737,周一至周日10:00-22:30,美团
Its Skin皮肤管理中心,南山区桃园路南景苑22B（肯德基旁）,15999521140,周一至周日10:30-22:00,美团
遇见 ・ 时光秘钥美肌中心,龙岗区龙翔大道吉祥地铁站C出口万科天誉花园二期10栋A座3120室（近万科广场）,13006660885/13923759407,周一至周日09:00-22:00,美团
美`美容,福田区福虹路世贸广场B座10A楼（近地铁华强路站C出口）,0755-82533203/13342902779,周一至周日10:30-22:30,美团
仙娜健康管理中心（梅林分院）,福田区下梅林10号文体公园二楼,0755-83106063/83106065,周一至周日10:00-22:00,美团
长命水美容养生连锁机构,龙华区民治街道民塘路书香门第上河坊1栋A座201,0755-89480078/13632661579,周一至周日10:00-21:00,美团
女王美容养生馆,龙华区大浪华盛路88号（义乌正大门对面、大益茶旁边、永州血鸭门对门、雷端兰西医妇科门诊旁）,13534043306,周一至周日09:30-22:30,美团
美肌工坊皮肤管理（南山海岸城店）,南山区海德三道天利中央广场A座1103,13823200790,周一至周日10:00-22:00,美团
潜声CH'ING SPA,福田区皇岗路5001号深业上城小镇L3层T3018铺（Kstrawberry甜品店）,0755-83238977/15919952750,周一至周日11:00-23:00非营业时段2018-02-13至2018-02-22 全天,美团
爱我面子洗脸吧（民治华洋店）,龙华区民旺路民治华洋大厦A-03（近民治地铁站）,13316968175,周一至周日11:30-21:30,美团
梵黛日韩皮肤管理中心,龙岗区龙翔大道7188号万科天誉中央广场B座二单元2801（吉祥地铁站C出口）,0755-28262405/13316811207,周一至周日10:00-22:00,美团
SOR专业祛痘（国贸店）,罗湖区东门南路2020号太阳岛大厦26A,0755-82330870/13316889157,周一至周日10:30-22:00,美团
SOR专业祛痘（坂田店）,龙岗区坂田街道布龙路524号坂田中心大厦五楼501（坂田地铁站C出口往左后方30米是大厦大堂（LED广告商户旁），大堂直上5楼）,0755-28910820/18923470812,周一至周日10:00-22:00,美团
m熙木朵养肤美体定制（南山店）,南山区海月路43号海月花园一期11栋2单元205室（宝能太古城）,0755-21614199/18098909331,周一至周日09:30-21:00,美团
SOR专业祛痘（景田店）,福田区景田东路45号（景田地铁站C出口前行75米，金稻园旁）,0755-23884353/18925287876,周一至周日10:00-21:00,美团
SOR专业祛痘（清湖店）,龙华区清阳路圣博雅商务中心三楼B01单元（清湖地铁站C出口右手边直走290米，道路右边中国农业银行ATM机旁电梯直上3楼）,0755-23773002/18922863887,周一至周日10:00-21:00,美团
韩莱专业永久脱毛连锁（西乡店）,宝安区西乡汇一城・壹中心・东座2711,0755-27337295/13632652605,周一至周日10:00-22:00,美团
SOR专业祛痘（西丽店）,南山区留仙大道鼎新大厦东座9楼906号（西丽地铁站F出口往右后方走70米，招商银行旁边大堂电梯直上9楼）,0755-86968701,周一至周日10:00-21:30,美团
SOR祛痘中心（福民店）,福田区福民路12号知本大厦1505（福民地铁站B出口右边直走30米即可看到大厦大堂，大堂电梯直上15楼）,0755-23884319/13352997071,周一至周日10:30-22:00,美团
ML LaVieEstBelle美丽初心-皮肤管理中心,福田区彩田路2030号澳新亚大厦首座23楼2306室（海天大厦社保局旁，福青龙华日大酒店同栋）,0755-23609548/19925277881,周一至周日12:00-21:00,美团
SOR专业祛痘（上梅林店）,福田区梅康路48号理想公馆10楼1025室（4号线A出口，9号线J1出口，上梅林卓悦汇旁）,0755-82718893/13113629550,周一至周日10:00-22:00,美团
SOR专业祛痘（黄贝岭店）,罗湖区黄贝岭街道凤凰社区深南东路1086号集浩大厦A2101（黄贝岭E出口右边是集浩大厦，面对大厦正门从左边（停车场）绕走约200米到后面（穿过停车场）到达A座）,0755-25160186/13310855185,周一至周日10:30-21:30,美团
VVSR皮肤诊疗中心,龙岗区吉祥路正中风临国际大厦A座三楼312（吉祥地铁站D出口）,0755-89207274/13670180943,周一至周日09:00-21:00,美团
SOR专业祛痘（布吉店）,龙岗区布吉街道吉华路205号恒扬商业大厦B栋1楼B2单元（长龙地铁站B出口）,0755-84658707/18124610098,周一至周日10:30-23:00,美团
雪依氏科技美容养生SPA馆（岗夏店）,福田区彩田路星河世纪B座2单元2516室（罗宝线岗厦地铁站B出口，彩福大厦公交站）,18825281951,周一至周日10:00-22:00,美团
CO&NS New Sa Sa 肌肤管理（罗湖店）,罗湖区深南东路3001金城大厦第三座（近粤海酒店）,0755-82228750,周一至周日10:30-22:00,美团
奈瑞儿美颜塑身SPA（沙井京基店）,宝安区沙井路180号（京基百纳广场五楼512铺）,0755-83662196/83662296,周一至周日10:00-22:00,美团
艾菲儿美容美甲形象管理中心,龙岗区横岗街道森富港家具城旁,15118040820/13107041432,周一至周日10:00-22:00,美团
Skin Korea 晨,福田区华强北深南中路世纪汇都会轩28楼2809号（地铁1号线华强路站B出口）,0755-23909080/13302437357,周一至周日10:30-21:30,美团
奈瑞儿美颜塑身SPA（布吉万象汇店）,龙岗区翔鸽路华润万象汇购物中心2层250号商铺（6号门旁）,0755-82830282/82830280,周一至周日11:00-22:00,美团
芊美堂塑身美颜机构（燕南店）,福田区振华路富怡雅居ab栋107铺（汽车大厦）,0755-83285565,周一至周日09:00-21:00,美团
药手名家小颜整骨正骨（曦湾华府店）,南山区中心路2268号曦湾华府c50商铺（海月地铁站B出口，宝能city后身）,0755-88272531/19806502499,"周日10:00-18:00周一至周三,周五,周六10:00-22:00",美团
百莲凯国际美容SPA会所（龙岗店）,"龙岗区龙翔大道6045号岁宝100货F1（公园大地岁宝百货正门右侧,麦当劳北50米）",0755-85232883,周一至周日10:00-22:00,美团
美丽时光美颜养生spa,南山区科发路大冲新城花园1栋,13670288135,周一至周日09:00-21:00,美团
CellAmore星美妍科技美肤中心（星河国际店）,福田区中心二路星河国际B1栋18A（中国银行旁）,0755-88606760,周一至周日10:00-21:30,美团
奈瑞儿美颜塑身SPA（1866公馆店）,龙华区民兴街24号（1866公馆南区沿街商铺，光大银行旁）,0755-61811551/61811553,周一至周日10:00-22:00,美团
美丽天使美容养生馆,龙岗区布吉镇坂田岗头市场永相逢自助火锅一楼,0755-89202663,周一至周日10:00-22:00,美团
唯美粉圈祛痘（福田店）,福田区深南大道7002号财富广场A座23ST（车公庙A出口）,13902316536,周一至周日10:00-20:00,美团
阳光丽人美容养生SPA会所,龙华区大浪街道鹊山新村32栋101室（又一村海鲜城正对面）,15220050518/15112645380,周一至周日10:00-22:00,美团
奈瑞儿美颜塑身SPA（宝安海格堡店）,宝安区新安街道新湖路尚都花园1栋商场4楼4D03号商铺,0755-83389830/83389831,周一至周日11:00-22:00,美团
瑞斯国际专业脱毛（布吉店）,龙岗区布吉锦龙路万科红立方大厦2A栋8号商铺（地铁5号线百鸽笼站A出口北行100米）,0755-85220090/18129980669,周一至周日10:00-22:00,美团
黛芙妮尔美容（景田丽雪店）,福田区景田地铁D出口景新花园景龙大厦2栋1层（海王星辰药店隔壁）,0755-83942831/18617152167,周一至周日09:30-22:00,美团
奈瑞儿美颜塑身SPA（龙岗海航城店）,龙岗区瑞航路海航城B座七巧国四楼408号,0755-82830201/82830203,周一至周日11:00-22:00,美团
嘉莲薇皮肤管理中心,罗湖区宝安南路2010号龙园创展大厦2427（地王东面大厦ONE39）,0755-82341389/18681458338,周一至周日10:30-19:30,美团
动力美健身美容,龙华区龙华街道玉翠新村B区望成路78号（远豪宾馆左侧对面）,0755-32823874,周一至周日10:00-22:00,美团
美博仕美容美体连锁,宝安区步涌市场对面合家欢超市旁易淘时尚广场A14铺（威雅百货旁）,13823255379,周一至周日09:00-22:30,美团
钰坊养生阁,宝安区绿海名苑B-18铺（西乡盐田大门）,18613752458,周一至周日09:30-22:00,美团
润芯阁美容养生馆,龙华区民治街道人民路松仔园C区一巷一栋,18665927346/18603005946,周一至周日09:30-22:30,美团
La beauté 肌肤管理中心,南山区深南大道瑞思中心A座2014-2015室,13530433428,周一至周日10:30-21:00,美团
幻魅魔法国际美容会所,南山区科发路大冲国际大厦5栋4楼B03,0755-86573119/18814447197,周一至周日10:30-22:00,美团
Let's perfect 美肌管理,福田区梅林路绿景虹湾B栋9L,13927475670,周二至周日10:00-22:30,美团
医美馆,福田区农坊路20（车公庙a口东亚国际风情街）,0755-83538896/13312911052,周一至周日10:00-22:00,美团
奈瑞儿美颜塑身SPA（雍和园店）,宝安区庄边路与前进二路交口君成雍和园商业一楼A29号商铺,0755-82832060/82832061,周一至周日11:00-22:00,美团
奈瑞儿美颜塑身SPA（壹方天地A区店）,龙华区龙华人民路壹方天地A区L2层017/018号铺,0755-82831980/82831981,周一至周日10:00-22:00,美团
魔法口袋皮肤管理中心（龙华店）,龙华区宝华路宝华大厦丰益路42号（龙华站C出口）,18926465361/15989352691,周一至周日10:30-21:00,美团
云芝兰美容养生馆,龙岗区平湖华南城富盈金街310号,18818686022,周一至周日10:00-23:00,美团
妍丽私人定制美容店（公明店）,宝安区金辉路富豪花园G区6栋A壹楼B,18588426560,周一至周日10:30-22:30,美团
奈瑞儿美颜塑身SPA（水湾店）,南山区太子路水湾1979广场裙楼3层,0755-82831990/82831992,周一至周日11:00-22:00,美团
奈瑞儿美颜塑身SPA（下沙京基店）,福田区滨河大道9289号滨河时代裙楼京基百纳时代一层128号商铺（海底捞楼下）,0755-82832129/82832130,周一至周日10:00-22:00,美团
MJ美即・轻时尚美甲美容驿站,宝安区新湖路汇一城西座7楼711号（近天虹西乡地铁站B出口）,13760165526,周一至周日09:00-21:00,美团
樱沐日式肌研所（沙井店）,宝安区沙井新沙路华盛智荟中心1512-13（西荟城）,0755-23204291/15361057708,周一至周日10:00-19:00,美团
沃德美美容SPA会所（KKONE店）,"福田区滨河大道102,103,104号铺",0755-82772522,周一至周日09:00-22:30,美团
奈瑞儿美颜塑身SPA（马成时代广场店）,福田区石厦街马成时代广场四层403C,0755-82831995/82831996,周一至周日10:00-21:00,美团
佰美荟痘斑敏皮肤管理中心,宝安区环镇路万科翡丽郡1期五栋1078铺,0755-23720326/18588225115,周一至周日09:30-21:30,美团
天俪女神皮肤管家,龙华区民治大道沙元埔公交站顶尖美发隔壁（尚雅服装店二楼，民治地铁D出口北100米）,13826593815/18664394576,周一至周日10:00-22:00,美团
宣仪美容美甲,罗湖区东门UCT韩国商城5楼扶梯口斜对面5016-5017铺（旺角购物广场、东门茂业、东门步行街）,18729535572/13650080315,周一至周日10:00-22:30,美团
韩国预知美皮肤管理中心,龙岗区万科广场万科大厦27层08室（近地铁吉祥站C出口，万科广场旁）,18565798793,周一至周日11:00-21:00,美团
伊健美科技美容中心,宝安区西乡镇盐田新一村九巷蚝业雅苑1楼108铺（西乡地铁A出口100米西乡天虹后面，合正汇一城后面）,18820902778/13927490213,周一至周日09:30-23:00,美团
百莲凯美容美体会所,南山区蛇口望海路南海玫瑰花园二期19号,0755-26675131,周一至周日10:00-22:00,美团
MS.SHEN美术皮肤管理中心（布吉店）,龙岗区布吉中心广场A座1306室（近布吉站、布吉老街公交站）,13823385900,周一至周日10:00-23:00,美团
时代美人美容美体养生会所,坪山区坪山镇三洋湖路19号（三洋湖幼儿园向北200米）,13714209418,美团
玉雕美容美体汗蒸馆（坂田店）,龙岗区吉华路骏怡连锁酒店7楼708室,15818602139/18938695659,周一至周日10:00-22:30,美团
Y范希皮肤管理中心,福田区梅康路理想公馆1219（近上梅林地铁A出口）,15012611838/13553840116,周一至周日10:00-21:00,美团
雅斯娜美容院,福田区沙头街道新洲二街新洲南村西四巷29-5号,0755-88917719,周一至周日10:00-23:00,美团
凤凰时代美容（熙龙湾店）,宝安区海秀路熙龙湾一期5栋111商铺（国际西岸大厦后面）,0755-23055118/27801638,周一至周日09:30-22:00,美团
美肌工坊皮肤管理（卓悦汇理想大厦店）,福田区上梅林地铁口处理想时代大厦17G,15338769012,周一至周日09:30-22:00,美团
卡姿兰美容美甲,宝安区石岩街道石岩大道农艺大厦26号南康百货一楼,13712019075/13712743697,周一至周日08:30-22:00,美团
清秀佳人美容院,龙华区观观快速辅路招商锦绣观园2栋,18688086247,周一至周日10:00-23:00,美团
Lui Spa,南山区华侨城侨香路4066号懿德轩 彩虹阁,0755-89990090,周一至周日10:30-23:30,美团
伊绘米健康护肤连锁机构,宝安区前进一路雅然居花园111号商铺,0755-29613248,周一至周日10:00-23:00,美团
美轩美容美体纹绣中心,宝安区西格路1号爱购商城2-3号（松岗华润万家对面）,13534282469,周一至周日10:00-22:00,美团
时光海科学美肤中心（南山店）,南山区深南大道大冲商务中心C座2001,18025319418,周一至周日11:00-21:00,美团
善依美容养生调理馆（人民桥店）,罗湖区深南东路4003世界金融中心B座1522,17727445526/13632979855,周一至周日10:00-22:00,美团
灸养针经健康管理中心,南山区西丽街道众冠大厦5楼（西丽地铁C出口）,0755-26655807,周一至周日10:00-20:00,美团
CellAmore星美妍科技美肤中心（卓越世纪中心店）,福田区卓越世纪中心三号楼B座817-819,0755-23993195,周一至周日10:00-19:00,美团
伊蓓姿美容SPA会所,南山区深圳南海大道2116号海典居二楼,0755-86536160/13684908220,周一至周日11:00-21:00,美团
小水怪美容补水中心,龙岗区吉祥路鸿基商业街13-2号商铺（鸿基花园西区东南2门旁边）,0755-84861752/15361851332,周一至周日10:00-22:00,美团
俏颜beauty半永久・皮肤管理,龙岗区横岗街道龙岗大道荣德国际复式公寓Ｃ座1819（近荣德国际写字楼B座）,18681485256,周一至周日09:00-22:00,美团
爱我面子洗脸吧（布吉店）,龙岗区布吉街34号铺（深圳东站，山水时尚酒店旁，布吉中心小学对面）,17304438663,周一至周日11:00-21:30,美团
金太阳专业美容美体中心,龙华区龙华新区龙华街道人民路龙华商业中心旁购物广场A5栋～15号美丽金太阳美容院,0755-81700760/13620912615,周一至周日10:00-21:00,美团
韩莱专业永久脱毛连锁（龙华店）,龙华区龙华广场中执时代广场B座15楼A,0755-23337224/18929317607,周一至周日10:00-22:00,美团
指姻爱美甲彩妆店,宝安区松明大道松新石岗大楼（友谊书城旁）,17727966945,周一至周日09:30-22:00,美团
雅芳美容美睫工作室,罗湖区东门中路2041号人民二横街UCT美食城五层扶梯口（近茂业百货东门百誉电影院）,13534164112,周一至周日12:00-22:00,美团
镜面皮肤管理（玖龙荟店）,龙华区民治街道民塘路玖龙荟一楼N031（梅林关，白石龙地铁站）,18822859918,周一至周日10:00-22:00,美团
悦己时光.美容养生坊,福田区上梅林新村122号一楼悦己时光美容养生坊（梅林阁后面）,13620956850,周一至周日10:00-22:00,美团
精雕美容养生馆,福田区莲花西路TT国际公寓首层61-63室,0755-83259626/13421379666,周一至周日10:00-22:00,美团
汐汐丽科技美肤馆,罗湖区深圳华都园大厦6楼（MI酒吧楼上）,0755-82323015,周一至周日10:30-22:00,美团
妮婷美纤体美容养生,龙岗区环城北路风门坳村（鸿都百货后门对面）,13713906521/13798561596,周一至周日09:30-23:00,美团
恋・香凝纹绣美妆美甲美睫工作室,宝安区西乡街道坪洲麻布新村四巷10号110铺（地铁1号线坪洲站B出口）,18926448857,周一至周日09:00-22:00,美团
PHA-MACY梵玛西皮肤管理中心（龙华店）,龙华区民塘路龙光玖龙荟L2层（白石龙地铁站C出口）,0755-21003047/19806506312,周一至周日10:30-22:00,美团
致芳华美容连锁（鸿威海怡湾店）,南山区岸湾六街鸿威海怡湾1088号（近湾厦地铁站A出口）,0755-88270242/88272411,周一至周日09:00-22:00,美团
紫月轩专业肌肤管理中心,宝安区西乡大道盐田大门内50米（右侧商铺）,0755-23203604/15846365340,周一至周日10:00-23:00,美团
妍度医学美肤中心（万象城店）,罗湖区宝安南路湖北宝丰大厦1106室,13631603754/18688781051,周一至周日12:00-22:00,美团
佳霖美容养生,龙岗区平湖街道大皇公商业中心7栋12号,18938920080,周一至周日10:00-22:00,美团
璞真美容养生馆,福田区彩田路橄榄鹏苑C座3101（距地铁2号线岗厦北站A出口北行300m）,13510448800/15986646463,周一至周日10:00-22:00,美团
youmei韩式优美皮肤管理中心,福田区泰然八路盛唐大厦西座2803（下沙地铁站C出口）,0755-23611550/18680357897,周二至周日10:00-19:00,美团
那时光&私人定制美颜会所,龙华区和平路龙胜地铁站港铁天颂B7栋3005（龙胜地铁站C出口不要下电梯）,13760197701/17620360676,周一至周日10:00-20:00,美团
石兴凯中医美疗（罗湖分院）,罗湖区人民南路355号深房广场B座10楼（国贸正对面）,0755-82289878/82288178,周一至周日09:30-21:00,美团
韩莱专业永久脱毛连锁（南联摩尔城店）,龙岗区深惠路860号南联摩尔城3层（华润万家入口处）,0755-28306089/13682691593,周一至周日10:00-22:00,美团
石兴凯中医美疗（深纺大厦店）,福田区华强北路2001号深纺大厦A座20楼（华强广场酒店旁）,0755-83776148/83778058,周一至周日09:00-21:00,美团
石兴凯中医美疗（天利名城分院）,南山区海德三路天利名城B座4楼（海岸城）,0755-86063678/86063778,周一至周日09:30-21:00,美团
PLAIN・肌日本式皮w管理,罗湖区解放西路京基100大厦E座2单元17a（面包新语旁）,0755-25118451/18588448486,周一至周日11:00-21:00,美团
蔻姿美容美甲,南山区南园新村二坊14-5（大润华超市附近）,13691870350/18899761845,周一至周日11:00-23:00,美团
SY 美容美甲抗衰中心,福田区深圳福华三路星河国际D219B（cocopark 购物公园）,0755-23610645/13556848082,周一至周日09:30-22:00,美团
慧美国际半永久皮肤管理中心,龙华区宝湖新村龙观大道宝湖大厦4楼406室（近宝湖新村公交站）,13352945289,周一至周日09:00-21:00,美团
Facial春梅美容工作室,龙岗区龙岗大道麟恒・中心广场二期东城中心花园J栋1706室,13602576852,周一至周日09:30-21:30,美团
溪花汀美学馆,宝安区湖滨中路19号新锦安雅园D1-07号,18098948495,周一至周日10:00-22:00,美团
Nakoo Moment娜可国际美学管理中心,福田区新沙街君临天下B栋420,18576763344,周一至周日10:00-22:00,美团
苗方专业祛痘祛斑皮肤管理中心,罗湖区东门北路海洋大厦615室（3号线翠竹路地铁站B1出口西行10米）,18682405861,周一至周日10:30-22:30,美团
贵妃颜美容养生会所（荣恒广场店）,龙岗区横岗街道松柏路银信荣恒商业广场cocoone3楼3039商铺,0755-28319727,周一至周日10:00-22:00,美团
Better U思研疗愈,南山区公园路100号2层（玫瑰园公交站旁）,0755-88273414,周一至周日09:30-21:30,美团
悦・容塑身美颜SPA,南山区前海路阳光棕榈园东门会所二楼财富健身隔壁,13686844539/18575517557,周一至周日10:00-22:00,美团
盛鑫美容减肥汗蒸,坪山区坪山帝王酒店旁爵士车坊对面,15820483305,周一至周日09:00-22:00,美团
Y・S 源舍皮肤管理,福田区深南大道6017号财富广场A座24YZ（车公庙地铁站A出口50米）,13691890583,周一至周日10:00-21:00,美团
心德睿拉国际连锁（坪洲店）,宝安区西乡街道坪州麻布新村2巷4号一楼心德睿拉国际连锁,13724283829/13316885344,周一至周日10:30-22:30,美团
缔灿美容养生,罗湖区笋岗工艺城三期一楼大堂1008/1009,13927429586,周一至周日10:00-22:00,美团
2U美学综合体验中心,福田区石厦街新天世纪商务中心C座1005（星巴克旁大堂上5楼左转乘C座低区电梯上10楼）,13760309070/17665233330,周一至周日11:00-22:30,美团
伊美时光美容中心,福田区振华路深纺大厦A座805（华强北地铁站A出口对面）,0755-83224193/13530330097,周一至周日10:00-21:30,美团
Marinne曼琳恩・美白spa,福田区深南大道7888号东海国际公寓A座8C（车公庙地铁站B出口100米）,13265636429,周一至周日10:00-21:00,美团
纳艺美私人订制工作室（龙岗店）,龙岗区龙翔大道与德政路交汇处万科天誉花园二期10栋A620（近万科广场）,13554719850,周一至周日11:00-20:00,美团
Jurlique茱丽SPA美容馆,福田区石厦北二街中央花园朝阳阁9B（石厦地铁站A出口对面，中国银行旁边）,0755-88609515/19924513495,周一至周日10:00-20:00,美团
四季养生馆,龙华区大浪南路浪口2区29栋一楼四季养生馆（老万盛）,13532111785,周一至周日09:30-22:30,美团
颜韵皮肤管理中心（龙岗南联地铁分店）,龙岗区龙岗大道南联地铁A2出口连锁时尚酒店旁（近优选酒店，99连锁时尚客房）,18926594510/18682420332,周一至周日10:00-23:00,美团
爱尚美肌肤年轻化管理,龙华区大浪南路338号江南百货大门15号铺（江南百货大门）,13510006895,周一至周日10:00-22:30,美团
香港康珈国际美容院,福田区金田南路银庄大厦银星阁9H（福民地铁D出口）,0755-83812058/13028894218,周一至周日10:00-22:00,美团
兰皙妍・韩国eos皮肤管理中心,龙岗区守珍街384号（百果园旁边）,13928456259,周一至周日10:00-22:00,美团
潮甜美容美甲（沙头角店）,盐田区深盐路沙头角海山街道梧桐社区2228号深沙大楼2208号（叶屋村公车站附近）,13510739670,周一至周日10:00-22:00,美团
美丽田园（地王店）,罗湖区深南东路5002号信兴广场地王购物中心3号311-314商铺（大剧院地铁站D出口）,0755-25833058,周一至周日10:00-22:00非营业时段2018-02-15至2018-02-18 全天,美团
兰皙妍・韩国eos皮肤管理中心,龙岗区守珍街384号（百果园旁边）,13928456259,周一至周日10:00-22:00,美团
铭一美容养生会所,福田区上梅林梅东一路花里林居3-23铺,13662570281,"周一,周三至周日10:00-22:00",美团
瑞雅宫美容,龙岗区坂田街道吉华路999号坂田商业广场三楼A20号,18819382259,周一至周日10:00-22:00,美团
Micro beauty微美美睫皮肤管理（龙岗万科天誉店）,龙岗区龙翔大道7188号万科天誉中央广场C座2单元1302（近世贸百货、万科广场）,13530969873,周一至周日10:00-21:30,美团
康丽百年美容养生馆,"宝安区西乡前进二路76区富盈门A栋102（御景国际酒店,富盈门站台,宝安日报站台）",15815518260,周一至周日10:00-23:00,美团
南雅吸脂塑胸体雕艺术中心,南山区海德三道天利名城B座6楼601-603A（海岸城对面，太平洋影城旁）,400-087-6600-0529/15019287732,周一至周日10:00-20:00,美团
V-up抗衰美肤中心（南山店）,南山区沙河西路深圳湾生态园一区一期2C座4楼405,0755-83288669,周一至周日10:00-21:00,美团
美丽田园（海岸城店）,南山区文心五路33号海岸城购物中心5层501-6铺,0755-86359589,周一至周日10:00-22:00非营业时段2018-02-15至2018-02-16 全天,美团
美美美容SPA养生理疗,龙华区清泉路9号会客城2楼,0755-27638359,周一至周日10:00-00:00,美团
琪玉肌肤管理中心,福田区深南大道7002号财富广场A栋9Q室,13631622039,周一至周日13:00-19:30,美团
练练美容养生馆,龙华区弓村八巷2号群乐楼602,13715019918,周一至周日09:00-21:00,美团
Room18美白spa馆,福田区彩田路深圳中心天元北门第5栋B单元37层6134号,13686862605/13686451354,周一至周日10:00-22:00,美团
WANNABE量肤定制中心,福田区深南大道车公庙地铁站C出口都市阳光名苑3座24D（地铁车公庙站C口）,13554881373/13760143737,周一至周日10:30-21:00,美团
LR・Skincare 皮肤管理纹绣中心,龙岗区龙岗大道万科天誉2期10栋A2118室,17688723369,周一至周日10:00-22:00,美团
欣悦纤减肥美容中心,南山区桃园路金桃园大厦金馨阁19B（近南头街道办事处服务大厅，大新地铁站D出口）,0755-86562896/18926426846,周一至周日10:00-21:00,美团
J&T护肤管理中心,罗湖区国威路72-2号第一高新产业园区103栋4楼402,17388753268,周一至周日10:00-22:00,美团
伊青颜美容养生馆,宝安区西乡码头路华侨新村3巷7号(坪洲地铁A出口、西乡步行街公交站),13048895502/13827437849,周一至周日10:00-22:00,美团
简夫人光疗美容定制中心,宝安区创业一路宏发中心大厦19楼1907室,0755-23711907,周一至周日09:30-20:00,美团
VV+美学体验馆（石厦店）,福田区石厦二街新天世纪商务中心B座2308（石厦地铁站F出口）,19925335680,周一至周日12:00-21:00,美团
佳丽雅美容中心,罗湖区宝安南路国都花园1楼（麦当劳旁）,0755-25899693/25945156,周一至周日10:00-21:30,美团
玛丽艳SPA美容养生馆（福永店）,宝安区福永马山小区一巷93号（福永中学）,0755-27214936/13549304032/13423991501,周一至周日10:00-22:00,美团
BINF流行美（中信地铁商场店）,福田区上步南路1093号中信地铁商场A区负一层A2-008铺（科学馆地铁站D出口）,0755-83636056,周一至周日10:30-21:00,美团
香港美妍国际健康皮肤管理养生（缤纷时代广场店）,宝安区宝民二路190-3号缤纷时代广场5层（蓝海会所）,0755-36628059/13502574822,周一至周日10:30-23:00,美团
百丽雅SPA三养美容会所（海岸城店）,南山区海德三道38号滨海之窗2楼（近海岸城天利名城）,400-016-6660,周一至周日09:30-22:00,美团
三木子日式皮w管理センタ`（欢乐海岸购物中心店）,南山区白石路东8号欢乐海岸购物中心2层,18188644197/13794489689,周一至周日10:00-22:00,美团
Quelli瑰丽半永久・皮肤管理中心（罗湖店）,罗湖区红宝路京基100花园E座2单元10楼F室（京基一百kkmall和书城旁）,18823770772/13322980513,周一至周日13:00-22:30,美团
琨R・韩式半永久皮肤管理中心,罗湖区深南东路4003号世界金融中心B座1116室（大剧院地铁站B出口直行200米）,17727577562/15119468979,周一至周日12:00-21:00,美团
ZOLA时尚造型Salon（壹方城店）,宝安区创业一路丽晶国际一楼1006-9号铺（宝安中心地铁站B出口北行300米，宏发领域商场侧面）,0755-36948553/15920093907,周一至周日10:30-22:00,美团
若处美甲美睫美容中心,福田区香轩路东海十八居3C（财富广场附近，车公庙地铁A出口旁）,15986783797/13692117226,周一至周日10:00-20:00,美团
香港吸引力美容养生馆,南山区西丽镇桃源村福到来超市后门,0755-86345131/15999689207,周一至周日10:00-22:00,美团
DR Beauty皮肤管理（罗湖店）,罗湖区嘉宾路4018号爵士大厦c座1211-12（太平洋休闲超市旁边）,18620366700,周一至周日11:00-21:00,美团
R&O Care私人定制美业（地王店）,罗湖区宝安南路one39大厦2716号,0755-82320061/17687194666,周一至周日09:30-22:00,美团
美丽田园（华强北九方店）,福田区华强北九方购物中心4层L443-1,0755-82550386,周一至周日10:00-22:00,美团
美尚坊专业纹绣美容美甲化妆,龙华区龙华山咀头公交站台后山咀头二区四巷3栋一楼101室（优品店转角处）,15013789392,周一至周日10:00-22:00,美团
妍熙整形美容医院,罗湖区嘉宾路爵士大厦C座11楼,400-087-6600-0864,周一至周日10:00-19:00,美团
后宫美甲美容,龙华区美丽家园南区第一栋1栋0121后宫美容店,17876994323,周一至周日10:00-22:00,美团
爱肤罗黛美容美甲管理中心,龙华区龙华民治大道水尾新村一区52栋二楼（东边公交站天桥下）,13421808706/18681520314,周一至周日11:00-22:00,美团
水胭脂美容塑体抗衰会所,龙岗区龙城街道万科天誉公馆B栋一单元602,13682659156,周一至周日10:00-22:00,美团
欧瑞尔美肤中心,宝安区沙井街道万科翡丽郡一期B栋二楼2013号铺,15818721029,周一至周日10:00-22:00,美团
老中医美容养生坊（南山店）,南山区沙河街上白石14号,0755-86952795,周一至周日10:00-22:30,美团
茱莉生活美容养生馆,福田区皇岗村下围一村61号2楼美容院（木屋烧烤正对面）,0755-83803451,周一至周日10:00-21:00,美团
苗颜坊专业祛痘连锁机构（车公庙店）,福田区香蜜湖街道深南大道7002号财富广场B座16L,0755-82788252,周一至周日10:00-21:00,美团
韵秀佳人美容养生,罗湖区东晓太白路3077号中深石化大厦3号铺（松泉公寓公交站旁）,13723465517/15602452749,周一至周日10:00-22:00,美团
美丽名媛美容养生会所,福田区园岭街道上林社区八卦四路6号翠馨居1栋6-35号,0755-28446342/19928761486,周一至周日10:00-22:00,美团
鑫道堂古方美容养生馆,宝安区永福路新和一区十五巷一号,0755-23170661/17727590687,周一至周日10:00-22:00,美团
洛纳丹蒂斑疤痘研究院（石厦旗舰店）,福田区马成时代广场3楼C区302A（海底捞对面）,0755-82532690,周一至周日10:00-22:00,美团
非凡丽人,龙岗区坂田河背村新河街美禾大厦二楼201,15013602245/13725351669,周一至周日11:00-22:00,美团
MeiLiFang美容美甲美睫（坪洲店）,宝安区码头路雅涛花园151号（近坪洲地铁站D出口）,0755-27780242/13005488447,周一至周日10:00-22:00,美团
Joyface美容,福田区沙头街道沙嘴路金地花园211栋101铺（沙头派出所旁边）,0755-82521877,周二至周日10:00-22:00,美团
洛纳丹蒂斑疤痘研究院（西乡店）,宝安区西乡汇一城天虹壹中心西座907-908（地铁1号线西乡站A出口）,0755-27395816/18924621585,周一至周日10:00-22:00,美团
超群纹绣美容店,福田区福华路福田服装商城三楼3A0202,0755-83372929/18925288048,周一至周日11:00-22:30,美团
天肌健康管理定制中心,罗湖区深南路世界金融中心C座1708（东门或万象城）,0755-82333282,周一至周日10:00-22:00,美团
聚妍阁美容美体生活馆,福田区皇御苑13栋406室（皇岗口岸）,0755-82541151/13410940305,周一至周日10:00-22:00,美团
U彩美甲美睫美容皮肤管理（福永同泰总店）,宝安区宝安大道同泰时代中心2楼L20号（福永地铁A出口旁）,13717120226/18819073677,周一至周日10:00-22:30,美团
粉红经典国际美容会所（鸿景园店）,宝安区新安街道34区新安永联路29号（鸿景园南门）,0755-27752355/13717010478,周一至周日10:00-22:00,美团
雅典娜SPA公馆（魅力女人智造中心）,宝安区西乡街道海城西路一号泰逸大厦F-007室一楼大堂,0755-23015867,周一至周日10:00-22:00,美团
容秀一方美容养生,宝安区固戍地铁站A出口新屋园二巷一号,15975560206/15220213106,周一至周日11:00-22:00,美团
玲舍美容美甲,宝安区龙翔北路28号,0755-27217296,周一至周日10:00-22:00,美团
CK Beauty 韩国美肤抗衰中心,宝安区海秀路龙光世纪大厦B座3-047号（宝华地铁站A2出口）,0755-85292525,周一至周日10:00-19:00,美团
天雅美容养生馆,龙岗区光雅园村一巷4号铺（光雅幼儿园后门伍和百货侧门）,13005426296,周一至周日10:00-22:00,美团
一定美美容,龙华区龙华新区民治大道横岭一区二栋二楼（商铺）（民治天虹商场天桥旁）,13714150396,周一至周日10:00-22:00,美团
s养生（金色年华店）,龙岗区龙岗中心城吉祥路336号金色年华二楼,18018752508,周一至周日10:00-22:00,美团
Cc美甲美睫工作室,宝安区公明天虹后门第二条街迎福街10号（天虹后门第二条街顶峰便利店，神之手餐厅旁边）,13543338171,周一至周日10:00-22:30,美团
尚绣国际美容私人美容定制中心,南山区现代城华庭5栋6A,0755-22674419,周一至周日09:30-21:00,美团
sasa美容健康机构,龙华区和平西路富通天骏花园35号（龙华地铁D出口）,0755-29049991,周一至周日10:00-22:00,美团
沙沙美容养生汗蒸馆,龙岗区五和地铁站B出口和|二区38栋101,18898504279/13429906151,周一至周日10:30-22:30,美团
爱我面子洗脸吧（青年城邦店）,龙华区和平路龙华青年城邦2栋12号铺（龙华地铁站B出口肯德基后面）,13316957163,周一至周日11:30-21:30,美团
膜妮专业祛斑祛痘中心,宝安区浪心西村一巷3号（皇家经典婚纱旁边，近小城公寓，一品湘木桶饭）,13510904243,周一至周日09:30-21:30,美团
紫梦悦美容养生馆,罗湖区水库新村五街喜荟城对面,0755-22362619,周一至周日09:30-21:30,美团
CamiLLe卡米尔美甲美容,宝安区西乡大道与新湾路交汇处天琴阁103,15323709875,周一至周日10:00-22:30,美团
SOR专业祛痘（沙井店）,宝安区沙井街道万丰社区商业中心大道西部茶城2楼（沙井站C出口）,0755-27390812/15919901968,周一至周日10:30-21:30,美团
美肤名匠・科技美肤（民治店）,龙华区民治大道328号嘉熙业广场8楼848室（民治大润发楼上）,17727507350,周一至周日11:00-22:00,美团
天御美容养生馆,龙岗区布吉街道布吉路76号三楼,0755-28917569,周一至周日10:00-23:30,美团
凯诗恩美容连锁管理机构（紫薇苑店）,龙岗区龙岗中心城公园路紫薇苑西8栋108商铺,0755-28903491,周一至周日10:30-21:30非营业时段2018-02-12至2018-02-20 全天,美团
克丽缇娜（湾厦恒裕滨城店）,南山区岸湾二街恒裕滨城一期106号（湾厦地铁A 出口）,0755-26862331,周一至周日09:00-22:00,美团
伊琳美容美体,宝安区福永街道政丰南路万福人家3期A栋108号（量贩KTV旁）,0755-27391421,周一至周日09:00-22:00,美团
AI养生堂（固戍店）,宝安区宝安大道固戍地铁口C出口万象新天公寓A栋25号商铺1-2楼（固戍地铁口C出口，加油站后面）,18589094086,周一至周日11:00-22:00,美团
香港绣之吻形象会所,宝安区上川路兰花苑33号-1商铺,0755-82598825,周一至周日08:00-21:00,美团
岚坊美学馆,罗湖区东门印象城二楼244B，上楼右转即可看到,13713016812,周一至周日10:00-22:00,美团
G・M美肤管理・半永久・美甲美睫,"福田区石厦北七街益田路3013号南方国际A座1210（3号线,7号线石厦地铁C出口100米）",13714421391,周一至周日11:00-22:00,美团
时间海科学美容（会展中心店）,福田区金田路与福华路交界处现代国际大厦501B室（地铁会展中心站 A1出口对面包商银行）,0755-23613692,周一至周日10:30-22:00,美团
欧洁蔓抗衰会所,龙华区观澜镇观澜大道422号欧洁蔓（黑龙饺子馆旁）,0755-29054259/13691947491,春季、夏季、秋季、冬季周一至周日10:00-22:00,美团
JOYFACE专业男士护肤SPA机构（特区报社店）,福田区新闻路1号中电信息大厦东座301-2室（近特区报社）,0755-83226466/83733869,周二至周日10:00-22:00,美团
雪姬高端美容美体容貌管理,罗湖区晒布路D1出口东门天地大厦A栋806室（东门晒布地铁站D1出口旁）,13714610979/13723758495,周一至周日12:00-23:00,美团
尚颜美皮肤管理中心（西丽店）,南山区留仙大道新围村17栋1楼（鼎新大厦西座后面）,15302634975/15986771618,周一至周日10:00-22:00,美团
琬菲美容,龙华区桔坑路宝润万家购物广场2层,0755-23115129,周一至周日09:00-22:00,美团
百莲凯国际美容养生连锁,宝安区石岩街道星城购物中心7楼703,0755-27202544,周一至周日10:00-21:30,美团
艺绣缘美甲美睫,宝安区振明路公明南星时装城二楼21号铺（公明天虹对面）,18676696619,周一至周日09:30-21:00,美团
千媛荟美容会所,福田区民田路星河国际c2栋9b号,13751133392,周一至周日10:30-20:30,美团
Missdy 美斯迪智能美肤中心（南山店）,南山区创业路28号（现代城华庭商业裙楼东林教育第1层109商铺）,18038150652,周一至周日10:00-22:00,美团
佰合里美容,龙岗区五和地铁站B出口凯旋商业大厦803（五和地铁B出口直走10米看到羊肉粉上电梯8楼）,18576703118/15013812309,周一至周日10:00-22:00,美团
傲美.尚之妍美容养生会所（前海店）,南山区桃园路金岸广场首层A-122号,0755-86317935,周一至周日10:00-22:00,美团
神奇天天瘦（西乡营业部）,宝安区西乡乐群社区乐群二路新乐村八巷七号101铺（大益广场，宝安文具批发市场，新安市场）,13923788654/13794465523,周一至周日08:00-22:00,美团
香妃子美容美体机构,福田区上梅林中康路8号雕塑家园607室（华茂院的后门）,0755-23954706/18806669733,周一至周日11:00-22:00,美团
美肤名匠・科技美肤（龙华店）,龙华区和平路康乐商务大厦5楼503（大润发斜对面，美乐康楼上）,13428960385,周一至周日11:00-22:00,美团
生命季节（海雅缤纷广场南山店）,南山区南海大道海雅缤纷广场4层（四号电梯）,0755-26401222/26418756,周一至周日10:00-22:00,美团
La Porcelaine柏瑟琳,福田区香蜜湖街道9号大院3栋56楼C单元5603,0755-82733323/82721776,周一至周日09:00-21:00,美团
La pramol里海之谜国际美容形象会所,南山区侨城西街美加广场D座1楼102铺（欢乐谷威尼斯酒店斜对面，渣打银行旁斜楼梯上去，渣打银行旁）,13923756581,周一至周日10:00-22:00,美团
天颜专业祛痘（华南城店）,龙岗区平湖街道华南城一号交易馆二楼2B-102,13699774986,周一至周日10:00-21:00,美团
英国弗兰圣黛美容SPA养生会馆,龙华区大和路龙华花半里5栋A05商铺,0755-23091780,周一至周日10:00-22:00,美团
媛名媛美容养生会所,南山区西丽街道大|购物广场三楼（JS舞蹈连锁大|分店）,0755-86549586/18617155554,周一至周日09:00-22:00,美团
美丽田园（益田店）,南山区深南大道9028号益田假日广场L4-1A,0755-26936613,周一至周日10:00-22:00,美团
美肤名匠-科技美肤（横岗店）,龙岗区龙岗大道信义御城商铺1S115号香水娜娜二楼（近横岗地铁站B出口）,13418645913,周一至周日11:00-22:00,美团
苗颜坊专业祛痘（桃园店）,南山区桃园路86号南景苑大厦11C（地铁1号线桃园站C出口前行400米万花筒购物街楼上肯德基旁边）,0755-86969563,周一至周日10:00-21:00,美团
美肤名匠-科技美肤（西乡店）,宝安区新湖路西乡天虹汇一城东座23楼2325号（近西乡地铁站A出口）,0755-27784749/13728887692,周一至周日10:30-22:00,美团
美肤名匠-科技美肤（五和店）,龙岗区坂田街道雅园路与华南路交汇处龙岸花园小区一期一栋27A/B（万科双语学校对面）,18767729118,周一至周日11:00-21:30,美团
贝丽颜美容养生馆,宝安区福永桥头村桥兴路49号（永佳福购物广场）,18820210739/15767900079,周一至周日09:00-23:30,美团
美肤名匠・科技美肤（诺铂广场店）,宝安区前进一路诺铂广场203-31,13827475059,周一至周日11:00-22:00,美团
美肤名匠・科技美肤（万众城店）,龙华区民治大道698号满滔大厦301号（万众城公交站台旁）,17724747692,周一至周日11:00-22:00,美团
美肤名匠・科技美肤（清湖店）,龙华区三联路APM商务大厦5楼508室（肯德基正对面）,14775045775,周一至周日11:00-22:00,美团
生命线经络养生馆（莲塘店）,罗湖区莲塘国威路鹏兴花园28栋102/202（鹏兴花园一期车行出口南门）,0755-25258006/13824358669,周一至周日09:00-22:30,美团
类医美SPA会所,龙岗区龙岗大道振业城一期六约地铁站C出口（翡特豪会所游泳馆内）,0755-89765985,周一至周日11:00-22:00,美团
奈思皮肤管理中心（南山店）,南山区南新路1024号阳光科创中心A座803,13823562744/13828854147,周一至周日10:00-22:00,美团
美肤名匠-科技美肤（沙井店）,宝安区新沙路永东兴大厦11楼1109室（沙井人民医院旁）,18318449050/13360072052,周一至周日11:00-22:00,美团
美肤名匠-科技美肤（福永店）,宝安区福永街道白石厦大道138号福森大厦402室（彩虹缤纷城中国黄金正对面）,13544205451,周一至周日11:00-22:00,美团
凯诗恩美容连锁管理机构（一克拉）,龙岗区白灰围二路壹克拉127―128商铺（海关大厦对面人人乐超市附近）,0755-28933372,周一至周日11:30-21:30,美团
法m泥美容养生连锁机构（梅林店）,福田区梅林路下梅林地铁站B2出口旁,13984650304/18926545539,周一至周日09:30-21:30,美团
Licca丽佳美睫*美甲*韩式定妆（蛇口店）,南山区蛇口望海路海韵嘉园裙楼栋1088-3铺（必胜宅急送旁边）,0755-88278931,周一至周日10:00-22:00,美团
玛丽艳SPA美容养生馆（塘尾店）,宝安区福永镇塘尾村（十一区）万里路20号,0755-23280847/13823640100,周一至周日10:00-22:30,美团
洛德雅医疗美容（城市山林店）,南山区东滨路339号华联城市山林花园一期1栋A201号二楼,400-087-6600-1305,周一至周日08:00-20:00,美团
此岸彼岸国际美容养生会所（鸿瑞花园店）,南山区南光路鸿瑞花园三期38号,0755-26078890/26071660,周一至周日09:00-21:00,美团
缔美妍专业祛斑祛痘美白连锁,龙岗区坂田雪岗大道佳兆业店二期S13号店铺一楼,13537764296/18938962809,周一至周日10:00-22:00,美团
ASK朵漾半永久・皮肤管理,福田区中航路华强北九方交通银行大厦2201室,18165725015/13590297261,周一至周日11:00-21:30,美团
天使之谜ANJO ENIGMA科学美肤中心（黄贝岭店）,罗湖区深南东路1003号丹枫白露A座城东1号30楼3010（近繁荣口腔门诊）,18924662725,周一至周日11:00-22:00,美团
品薇（坂田万科里店）,龙岗区坂田街道环城路紫悦山商业楼02九期商业L1-13号,0755-84878907,周一至周日10:00-22:00,美团
悦美丽,罗湖区宝岗路田心村164栋,0755-82405718/13430489986,周一至周日09:30-22:00,美团
尚雅美肤管理中心（龙华店）,龙华区龙华华润万家商业中心A4/08铺（龙华地铁站C出口右转200米）,13682479513,周一至周日09:00-22:00,美团
克丽缇娜（和平里店）,龙华区民塘路特发和平里一期二楼224-225商铺（地铁龙胜站D出口二楼麦当劳右边）,13692111171/13312999011,周一至周日10:00-22:00,美团
缪妍美容形体管理中心,福田区东方新天地D座2006（岗夏大中华）,13680090910/15220226553,周一至周日10:00-22:00,美团
经典琉璃美容SPA会所（碧湖花园店）,龙岗区龙岗中心城龙德北路碧湖花园c座1-3号商铺,0755-28264356/18025420548,周一至周日09:30-22:00,美团
水玫瑰私人定制SPA会所,南山区蛇口招商路144号（近地铁2号线水湾站）,0755-26683194/18344477278,周一至周日10:00-22:00,美团
莎美琳（南联店）,龙岗区南联喜悦里写字楼对面摩尔城A座1604室（黑茶旁大厅A座16楼）,13302962298,周一至周日10:00-22:30,美团
美莱医疗美容医院,福田区深南中路2044号（深南中路与四号路交叉口北50米）,400-087-6600-0289,周一至周日09:00-20:00,美团
沐兮にほん皮肤サロン,龙华区民塘路玖龙玺楼下玖龙荟B1层b1n08（麦当劳后面，白石龙地铁站）,15112622150/18818587408,周一至周日10:00-22:30,美团
克丽缇娜（皇御苑店）,福田区福田南路皇御苑A区5-6地铺17-18号商铺,0755-82875349/15818619100,"周一至周四,周日09:00-22:00周五,周六09:00-22:30",美团
悦盈养生美容,龙华区龙华新区建设路224优品建筑10栋15号铺（龙华中国电信大厦，龙华地铁站D出口）,0755-29677186,周一至周日10:00-21:00,美团
中药美容,宝安区塘坊花园一巷1号,13006629033,周一至周日10:00-22:00,美团
卓丽功夫肩颈（福田旗舰店）,福田区金田路3037号金中环商务大厦A座2405（会展中心站E出口上麦当劳后走上主梯）,0755-82798901/18938833960,周一至周日10:00-21:00,美团
泰悦SPA会所,宝安区玉律路金裕新岸裕丰楼104铺,0755-23088191/15012649118,周一至周日10:00-22:30,美团
凤曼邸高科技美容中心,宝安区松岗商业步行街金开路14号（天虹商场后门）,0755-29750996,周一至周日10:00-22:00,美团
瑶芳专业祛痘（南山旗舰店）,南山区南山大道与创业路交叉口亿利达大厦A栋1楼8号铺（中影百汇国际影城    阿曼尼）,0755-86961040/13265875563,周一至周日10:00-23:00,美团
格漫伊美妆工作室,宝安区宝安大道与蚝乡路交汇处西岸银座B座23A,13620200174,周一至周日10:00-21:00,美团
伊人美化妆美容院,龙岗区五和D出口长发西路13-2铺（距五和D出口约300米）,13249088153,周一至周日10:00-22:00,美团
尚赫超音波减肥,龙岗区龙城街道德政路万科天誉中央广场B座一单元3001,13827483637,周一至周日09:00-20:00,美团
名媛皇庭美容养生SPA会所（阳光华艺大厦店）,南山区南光路阳光华艺大厦108铺,0755-26492001/13480600301,周一至周日11:00-21:00,美团
纤姿美美容美体连锁机构（横岗店）,龙岗区深圳龙岗横岗银信广场二楼2009铺（横岗店）,0755-89328195,周一至周日10:00-22:00,美团
荟草堂祛痘肌肤管理,福田区香林路车公庙财富广场B座8N（车公庙地铁站A出口）,13798543191/13423931902,周一至周六12:00-21:00,美团
碧波庭胸部保养（宝安店）,宝安区宝安31区新安街道怡园路3011号金利华大厦301（德业丰商务酒店）,13670034264,周一至周日09:00-22:00,美团
自然主义芳邻SPA馆,南山区留仙大道4088号博林天瑞3栋5B号（哈尔滨工业大学平山二路门对面）,18926442037,"周一至周五,周日10:00-21:00",美团
瑾瑜容貌会所,宝安区红星松瑞路21号大润发超市二楼（好时代KTV旁边）,15115902877,周一至周日09:00-22:30,美团
石兴凯中医美疗（国兴分院）,南山区常兴路国兴大厦17楼（家乐福旁）,0755-26456655/26456698,周一至周日09:00-21:00,美团
OTILANCE欧蒂兰斯科技美容中心,龙华区光浩国际中心A座9I,0755-21016005,周一至周日11:00-21:00非营业时段2018-09-24至2018-09-24 全天,美团
彩之堂,南山区桃园路268-8号（1号线大新地铁B出口）,0755-86548302/13682443940,周一至周日10:00-22:00,美团
奇奥柏查美肤管理中心（卓越店）,福田区福华三路与金田路交汇处卓越世纪中心3号楼A座20楼2003室（会展中心；皇岗商务中心）,0755-23997875/13760353354,周一至周日09:30-18:30,美团
SOR祛痘中心（岗厦店）,福田区彩虹大厦（彩虹新都）24楼2406室,0755-88608148/15986710840,周一至周日10:00-22:00,美团
SOR祛痘中心（华强北店）,福田区红荔路华强北群星广场A座1508-1509室,0755-82533600/15019424802,周一至周日10:00-22:00,美团
慧泽天成美容养生馆,龙岗区南湾街道兰花路厦村统建楼A1栋慧泽天成美容养生馆,13827441938/18927460736,周一至周日09:00-23:00,美团
YA SPA 女士私享会所,福田区深南大道7888号（东海国际公寓，东海缤纷天地）,0755-82520527/13302985376,周一至周日11:00-23:00,美团
瑶芳专业祛痘（福田旗舰店）,福田区金田路3037号金中环商务大厦主楼15层1528（1/4号线会展中心站A/E出口（大中华喜来登酒店对面）会展中心）,0755-82723230/15818777851,周一至周日10:00-22:00,美团
爱我面子洗脸吧（汇海广场店）,龙华区龙华汇海广场B座2107,13316970836,周一至周日11:30-20:30,美团
丽思美美容美体生活馆,福田区香林路东海花园二期,13751163710,周一至周日09:00-21:00,美团
爱我面子洗脸吧（民治民乐店）,龙华区民治街道民乐新村103栋1楼,13316416800,周一至周日11:00-21:30,美团
闺蜜美容工作室,南山区大冲新城花园2栋2D 806室（高新园地铁站B出口郑氏宗祠左手边）,17724490760/18608206680,周一至周日10:30-21:30,美团
美丽模坊美容美甲（联美新天地店）,龙岗区龙岗大道联美新天地购物中心二楼2F019,0755-23803788/18929396000,周一至周日10:00-22:00,美团
Sabrina赛布丽娜美容美甲工作室,龙岗区龙岗街道万科广场V寓一栋1503,17328729689/13048956712,周一至周日11:00-22:00,美团
广元堂美容养生馆,宝安区劳动路轻铁西华凯百货对面,18682166439,周一至周日10:00-12:0013:00-21:00,美团
snow皮肤管理中心,宝安区后瑞地铁站B出口后瑞华庭2楼205（东方简索对面）,18676727573/13691697903,周一至周日10:00-22:00,美团
焕伊美美容汗蒸馆,龙岗区坂雪岗大道扬马市场5栋101（坂田地铁站C出口北行100米）,13422020520,周一至周日10:30-22:00,美团
苗医生专业祛痘（罗湖店）,罗湖区南湖街道置地广场春风路3038―9号（罗湖医院旁）,400-152-0900,周一至周日10:00-22:00,美团
法m泥美容养生连锁机构（坂田缘圆店）,龙岗区长坑路东四巷四号,0755-29379314/18750234960,周一至周日09:30-21:30,美团
韩妆*美睫*美容*半永久纹绣,罗湖区南湖街道罗湖村新银座大厦A座一楼A12号,13424389592,周一至周日11:00-23:00,美团
曼姿美容美体工作室（龙岗中心城店）,龙岗区龙潭路鸿基花园西区柏景轩7号楼c单元312室（万科大厦对面）,13945209229,周一至周日10:00-22:00,美团
北京同仁堂护肤体验中心,龙岗区平湖街道国际大道华南城休闲美食广场庆芝堂内（汾兰牛肉对面）,0755-89328885/18825257469,周一至周日10:00-22:00,美团
俏丽人美容美体SPA,南山区南山大道学府路福临苑12A（南山大道与学府路交汇处 苏宁电器 附近）,0755-26400493/13418609745,周一至周日09:30-22:00,美团
碧波庭胸部保养,福田区上梅林中康路雕塑家园307室（4号线莲花北站B出口-华茂苑东门对面）,0755-36628607/15013852790,周一至周日10:00-22:00,美团
御康私享美容养生会所,龙华区梅龙路西侧莱蒙水榭春天5期3B栋27E,18727172415/15083315237,周一至周日08:00-22:00,美团
艾尚美甲美容半永久,龙华区华盛路义乌小商品城1191-1192铺（大浪邮政所公交附近）,13420931621,周一至周日09:00-22:00,美团
萝娜诗美容,福田区百花二路百花园一期裙楼4层（距通新岭站约577米）,0755-83255610,周一至周日09:30-22:00,美团
艾享宜生中医特色美容养生馆,罗湖区贝丽南路合正星园小区A栋23B,13265539704/13686813144,周一至周日10:00-22:00,美团
GR美学体验馆,福田区金田路金中环商务大厦A座1202,0755-82775381/13922711150,周一至周日11:00-20:00,美团
怡可人美形健康馆,龙岗区龙城街道盛平欢乐迪斜对面宝能悦澜山花园7B栋9B,0755-89611912/18123814885,周一至周日10:00-22:00,美团
时尚美美容美甲,龙岗区科技园路17号,0755-89536696,周一至周日09:00-22:00,美团
Z汐SPA国际美容会所,龙华区三联创业路锦绣御园8栋A座2―06,0755-36972358,周一至周日10:00-22:00,美团
卡德兰美容美发化妆培训学校,龙岗区吉华路215号恒扬商业大厦3-4楼（地铁长龙站B出口，布吉中学正对面）,0755-28287160/400-179-2294,周一至周日09:00-18:00,美团
逆颜国际美学,龙岗区横岗六约麟恒中心广场二期J座2102,13590285273,周一至周日10:00-22:00,美团
苗医生专业祛痘（南山店）,南山区南山大道1132号南油5栋1号楼（桂庙路口公交站台边上）,400-152-0900,周一至周日10:00-22:00,美团
苗医生专业祛痘（福田店）,福田区振华路44-2中联电子大厦401栋东座一楼（燕南地铁C出口左转直行30米）,400-152-0900,周一至周日10:00-22:00,美团
金贵人专业美容院,福田区金田路皇岗上围一村126-1号,0755-82794662,周一至周日10:30-23:30,美团
苗医生专业祛痘（龙华店）,龙华区民治大道沙元埔站牌边（民治地铁站D出口左转50米）,400-152-0900,周一至周日10:00-22:00,美团
珈思希黎美容养生会所（龙岗中心区店）,龙岗区万科天誉国际公馆C栋1单元3502室（吉祥地铁站C出口300米）,0755-28716890/13510608390,周一至周日10:00-22:00,美团
石兴凯中医美疗（宝安分店）,宝安区前进一路天虹商场东侧2楼（沃尔玛对面）,0755-29613966/29613599,周一至周日09:00-21:00,美团
初芙皮肤管理中心,宝安区新湖路汇一城1A栋919,18300001955,周一至周日08:00-22:00,美团
释梦格美容养生会所,福田区莲花路2055号怡枫园C栋403（景田地铁站C出口）,18665365770/15820732984,周一至周日12:00-23:00,美团
D.M 面部美学中心,龙岗区龙翔大道万科天誉中央广场B1（地铁3号线吉祥站C口旁）,0755-68680000,周一至周日08:00-22:00,美团
台湾植莱美美容美体SPA芳疗馆,宝安区沙井西环路兴业大厦B座5A（星河名苑旁边）（中国银行楼上）,0755-23116286/18923895905,周一至周日10:30-22:00,美团
触摸自然美容养生馆,宝安区白石厦社区石龙头旧村北环路6号A101（龙翔山庄东南门对面）,13480169912,周一至周日10:00-23:30,美团
V Beautique私享空间（购物公园店）,福田区福华路购物公园B出口埃克斯咖啡旁边扶梯3楼（Cocopark，平安大厦）,0755-88601577,周一至周日10:00-22:00,美团
君月佳人,龙岗区平湖镇凤凰大道九号院馆4栋402室,0755-89215060/15112558456,周一至周日10:00-21:00,美团
玛莎.芳华智慧健康管理中心,南山区沙河西路1809号深圳湾科技生态园2栋B区1层B13、B15号,0755-26912168,周一至周日10:00-22:00,美团
克丽缇娜（翠海店）,福田区侨香路翠海花园二期13号铺（侨香地铁站C出口直行100米）,0755-61303092/18920670446,周一至周日10:00-22:00,美团
雪颜美容,福田区1号街下沙村三坊68号2楼（KKONE地铺魔王酒吧斜对面（雪颜美容请上二楼））,0755-82780966,周一至周日10:00-22:30,美团
瑞士米拉蒂姿美容会所,宝安区金兰路33号尚都花园210号铺（近壹方城）,0755-29660283,周一至周日10:00-22:00,美团
深圳魅力他说形象设计有限公司,罗湖区人民南路深房广场B座36楼3601,0755-22225678,周二至周日09:30-21:00,美团
颜妍皮肤美学管理,龙华区中梅路润达圆庭F座（九方购物中心对面）,15813844095,周一至周日11:00-21:00,美团
香迪雅美容皮肤管理,罗湖区宝安南路岁宝百货28B1（地王大厦附近）,13824393006,周一至周日10:00-21:00,美团
新港美养生会所,福田区华强北深纺大厦女人名店4楼D02-D06（华强北地铁站）,0755-36989466,周一至周日09:30-22:00,美团
达天姿国际皮肤管理中心,宝安区新沙路597号兴达大厦8楼（沙井汽车站正对面时光城）,19806704595,周一至周日09:30-22:30,美团
MAKEOVER轻奢美肌中心,龙华区白石龙玖龙玺J座3B,15112366223/13713729209,周一至周日10:00-22:00,美团
珂瑞娜美容坊,龙岗区坂田街道五和大道四季花城罗兰苑J101(五和地铁站A出口),0755-28760009,周一至周日10:00-21:00,美团
石兴凯中医美疗（卓越分院）,福田区福华五路卓越世纪中心3号楼A座10楼1001-04（近会展中心站E出口）,0755-88307600/88307500,周一至周日09:30-21:00,美团
爱妮美甲,龙华区大浪商业中心天桥对面易家青年公寓门口对面,17727480291,周一至周日11:00-23:00,美团
丽芙特皮肤管理中心,龙岗区沙塘布社区翠山东七巷2号一楼,17688889545/13632630043,周一至周日10:00-22:00,美团
索兰黛科颜美容管理中心全国连锁,罗湖区南湖路钻石广场二楼,13194099873,周一至周日10:00-18:00,美团
隆祥医卫中医养生院,龙岗区京南路24号B栋2楼（金百信工业区）,0755-89584187/13423771575,周一至周日10:00-21:00,美团
英伦玫瑰美容SPA（麒麟店）,南山区泉园路麒麟花园西门商业街113号,0755-86004558,周一至周日09:30-22:00,美团
石兴凯中医美疗（莲塘分院）,罗湖区罗沙路名骏豪庭群楼苏商精品酒店3楼3013、3016号,13600152064,周一至周日09:00-21:00,美团
芬芳美容美甲养生馆,龙岗区岗头村中心围鹏荣商业街C-4号（七橙酒店楼下天下网吧对面）,13824397490,周一至周日10:30-22:30,美团
珍善美专业美睫私人订制半永久工作室,罗湖区宝安南路One39龙园创展大厦509室,13928469795/18682199927,周一至周日11:00-22:00,美团
容颜美美容养生馆,福田区新洲祠堂村35栋1号铺,0755-82949336/13632777003,周一至周日10:00-23:00,美团
栎韬・Beauty,福田区深南大道车公庙金润大厦407室,18677883424,周一至周日11:00-22:00,美团
唯美美容美甲纹绣店,龙岗区布吉龙珠商城一楼149c（深圳东站附近）,13632965202,周一至周日10:00-21:00,美团
颐禾媛美容SPA养生会所,宝安区宝源路深业新岸线1栋20商铺（农业银行）,0755-29020735/29020705,周一至周日10:00-22:00,美团
Mariah Nail Studio 时尚工作室,宝安区西乡天虹合正汇一城星巴克旁1E2001（地铁A出口）,13825206352/13632680903,周一至周日12:00-21:00,美团
碧波庭胸部保养（龙华店）,龙华区龙华街道丰益路宝华大厦一楼（华润万家龙华店）,13530741849/13590281849,周一至周日10:00-22:00,美团
baby童颜・日式美甲美睫,南山区阳光科创E栋602（科创酒店）,18929377977,周一至周日08:30-22:30,美团
创艺护肤造型,宝安区新安街道宝安电子城宝民一路灶下村三坊七巷一号,15207299993/15361587726,周一至周日11:00-23:00,美团
香港科技美容,龙岗区南湾樟树布万科公园里金街G138S铺,13699842526/18617161232,周一至周日10:00-22:00,美团
圣艾堂美容养生连锁机构（中海店）,龙岗区布吉街道布龙路中海怡翠山庄19栋101-3号,18148539983/13798319565,周一至周日10:00-22:00,美团
iSpa（蛇口希尔顿店）,南山区望海路1177号蛇口希尔顿南海酒店3楼,0755-21623117,周一至周日10:00-00:00,美团
吖咪yumy美甲美睫半永久（宝安店）,宝安区宝安中心区宏发中心大厦913（地铁宝安中心站B出口，壹方城对面）,13414464838/18682207144,周一至周日11:00-22:00,美团
HIKO SKIN彦村敏感肌肤护理中心,福田区金田路3037号金中环商务大厦A座19楼1901,18819042525,周一至周日10:30-21:30,美团
韵美美容美甲馆,宝安区西乡大道大益广场沃尔玛负一楼,13725548284,周一至周日09:00-21:00,美团
爱丽康乐汗蒸美容养生馆,宝安区官田西二新村16号一楼（官田小学后门  港安驾校或国税旁岗亭往东直进100米）,13751090465/15013711363,周一至周日10:00-23:30,美团
维美堂,龙岗区毕加索大道万科城（坂田万科城南门，悬壶草堂旁）,0755-89504363/15361830505,周一至周日10:00-22:00,美团
熙妍国际美容中心,福田区福华三路星河国际B1栋18B（购物公园E出口，中国银行旁入口）,0755-82719293,周一至周日11:00-22:00,美团
angels'fun美肤私人订制（果岭分店）,宝安区招商果岭小区商铺4546号铺（宝安大道 招商果岭5栋大门）,0755-36921235,周一至周日10:00-22:00,美团
PUR 柏尔肌肤空间,福田区深业上城北区公寓西A708（MUJI HOTEL无印良品酒店）,13302318466,周一至周日10:00-22:00,美团
21克拉缪斯美甲美睫美容,宝安区永福路雍景濠城121号商铺,18718697958/13632973044,周一至周日10:00-22:00,美团
静逸阁美容养生会所（公明中央山店）,宝安区松白路福盈中央山花园c27号商铺,0755-27155455/13392882322,周一至周日10:00-22:00,美团
你豆问题肌肤（保利文化广场店）,南山区文心五路保利文化广场C区1层C1-06,13310842591,周一至周日11:30-20:00,美团
尚俪美容纤体会所,盐田区壹海城一区131号,0755-22320217,周一至周日11:00-20:30,美团
依霖美容,龙华区龙华新区人民路2021号中央原著藏珑苑91号商铺（九方购物中心）,19926545805,周一至周日10:00-22:00,美团
媛悦坊美容生活馆,龙华区龙华街道创业路弓村八巷二栋101（汇海广场）,15017911631,周一至周日10:00-22:30,美团
俪兰美容养生会所,罗湖区黄贝路2075号39栋101号（天井湖公交站台旁）,0755-25278093,周一至周日09:30-21:00,美团
兰心阁美容美体养生馆,宝安区公常路楼村派出所9巷7号,18682141236,周一至周日09:00-22:00,美团
ＺK―明星国际皮肤管理中心,福田区香林路财富广场A座18H（车公庙地铁站，丰盛汀）,0755-88305357/18320745568,周一至周日10:00-21:00,美团
圣莉斯歌美容健康管理中心,宝安区兴华二路73号冠城世家26号铺,0755-27805324/27808221,周一至周日10:00-21:00,美团
芳香世家皮肤管理中心,龙岗区木棉湾佳兆业新都汇家园1栋A单元2906,13424194130,周一至周日10:00-22:00,美团
集美时光,罗湖区水库新村饮服楼A-101（泰宁幼儿园对面）,13530052030,周一至周日10:00-22:00,美团
韩洲丽人美容会所,宝安区宝安大道下围园新村十巷6号101（喜得乐生活超市旁）,0755-23203389/13543342208,周一至周日10:00-00:00,美团
韵大藏金美容养生会所,宝安区新安甲岸村新圳西路63号二楼（金六福2楼）,0755-29086048/18123981157,周一至周日10:00-22:00,美团
微时光生活美容美学空间,福田区福田区益田路3013号南方国际广场C2007,0755-23604465/82517537,周一至周日10:00-22:00,美团
智丽佳人祛斑祛痘,龙岗区龙岗街道平南社区谢丽花园4栋商铺一层113,0755-84857603/13691874870,周一至周日10:00-22:00,美团
铂兰之钥皮肤管理中心,龙华区腾龙路润达圆庭D栋18plus12C（红山地铁站A出口直走200米，龙华九方对面）,0755-21034417/17302698315,周一至周日12:00-21:00,美团
唯美国际永久脱毛连锁机构（民治店）,"龙华区民旺路华洋大厦3楼303室（民治大道和民旺路十字交叉路口,大润发斜对面）",0755-23770401/13798537072,周一至周日10:30-21:30,美团
秀荷肌肤管理中心,南山区南山区深南大道石洲中路国际市长交流中心1125室,18576632337/13928434243,周一至周日10:30-20:30,美团
皙颜国际科技美肤,福田区彩田路星河世纪大厦B座2508室,13728978519,周一至周日10:00-22:00,美团
京都薇薇（竹子林店）,福田区竹子林紫竹六道竹盛花园15栋101号（近博园酒店）,0755-83152888/18922868131,周一至周日10:00-22:00,美团
清颜痘肌修复连锁（西乡店）,宝安区西乡街道宝源路财富港a栋617（坪洲地铁站C出口）,13530626118,周一至周日09:30-22:00,美团
韩莎贝X美容管理中心,龙华区梅龙路锦绣江南二期二栋22010商铺（钱庄财务旁边二楼）,0755-21014421/15994767430,周一至周日10:00-21:00,美团
仟佳宝莲美容护理中心,龙岗区横岗大康沙荷路55号（万骏隆商场旁边）,13530951625/15919898956,周一至周日09:00-23:00,美团
沃德美美容SPA会所（海岸城店）,南山区后海路海印长城2期10-12铺,0755-86707245,周一至周日10:00-22:30,美团
蓓丝颜美容SPA（东海缤纷天地店）,福田区东海缤纷天地B1楼B1047-B1050铺,0755-82766498,周一至周日10:00-22:00,美团
苦研皮肤管理,龙华区望成路82号,18819133452,周一至周日10:00-21:00,美团
云朵纹绣半永久美妆工作室,龙岗区牛始埔路和悦居16栋A座,13148719863,周二至周日10:00-23:00,美团
美丽田园（海上世界店）,南山区蛇口望海路1128号海上世界环船广场BC区内B区第3层308号,0755-21618781,周一至周日10:00-22:00,美团
臻颜肌肤管理中心,福田区金田路金中环商务大厦A1415-1416室（近会展中心地铁站）,18025349056,周一至周日10:00-21:00,美团
熙妍・美Z韩国肌肤管理,罗湖区深南东路5002号地王商务公寓东座916号（地王大厦、地铁大剧院站c出口左边）,17722804259/18948332162,周一至周六10:30-20:30,美团
如一养生馆,罗湖区南湖街道建设路南方证券大厦C座1901（海燕大酒店后面东洋国际服装城楼上）,0755-82338597/13006606987,周一至周日10:00-22:00,美团
眷恋美美容养生馆,宝安区西格路6号松岗红星社区（崇文红星第一幼儿园旁）,18938842996,周一至周日10:00-23:00,美团
隽雅居美容养生馆,南山区后海滨路2013-8（澳城花园酒店）,0755-88272496/18620355069,周一至周日09:00-20:00,美团
安贝芬妮,罗湖区深南东路地王大厦公寓楼东座2409室（大剧院地铁站c出口东行200米）,0755-22651966,周一至周日10:00-20:00,美团
研艾堂艾灸养生馆（公司旗舰店）,龙岗区布吉地铁站A出口可域酒店C1302（佳兆业大都会C1302）,13823284682,周一至周日10:00-21:00,美团
素・叶NK瑞典皮肤管理中心,罗湖区南湖街道春风路佳宁娜广场C座1402室,15710831123,周一至周日10:30-20:30,美团
老中医（大浪店）,龙华区龙华新区华旺路大浪商业中心A栋A117-118（大浪健身附近）,0755-29356606/15920019601,周一至周日09:30-22:00,美团
GSD肌肤美容（南山店）,南山区后海大道云海世家二楼207室,0755-25606588,周一至周日09:30-22:00,美团
D.M 面部美学中心,龙岗区龙翔大道万科天誉中央广场B1（地铁3号线吉祥站C口旁）,0755-68680000,周一至周日08:00-22:00,美团
凤凰美颜SPA美容美体养生会馆,南山区沙河西路丽新花园F栋19号商铺（西丽地铁E出口左转直走150米左右天行健健身房隔壁）,0755-86134556,周一至周日10:00-22:00,美团
万向美SPA养生抗衰中心,南山区登良路D出口蔚蓝海岸三期29栋101A,0755-86391699,周一至周日10:00-22:00,美团
伊人安然汗蒸美容院,宝安区松岗老街众心路31号（松岗中心幼儿园斜对面）,18664580181/13316931190,周一至周日10:00-22:00,美团
亮点国际化妆美甲纹绣美容学院,宝安区福永街道永桥头宝安大道6297福霖大厦802室（桥头地铁A出口）,400-179-1747/15019480011,周一至周日09:00-18:30,美团
艾缇斯美容养生SPA（田厦金牛店）,南山区慧学路田厦国际B座12楼1239室（地铁桃园站A出口旁中潜潜水世界，圣淘沙酒店旁）,15767845685/13826586429,周一至周日10:30-21:00,美团
石兴凯中医美疗（梅林分院）,福田区梅华路98-1号新世界百货3楼（梅华路梅村路交汇处）,0755-83049875/83049907,周一至周日09:30-21:00,美团
易美养生健康管理机构,龙岗区女人街本丰商贸城1楼（近坂田市场，国惠康）,0755-28769845/13798563113,"周一至周五12:00-22:30周六,周日10:30-22:30",美团
泊丽雅美容养生馆,龙岗区坂田民营市场美食街北三巷7-1阳光湾畔北门,13798435829,周一至周日11:00-22:30,美团
邻居家美容养生,龙岗区春华四季园4分栋1A单元邻居家一龄博士,0755-29503993/18826564708,周一至周日09:30-22:00,美团
镜面皮肤管理中心（摩尔城店）,龙岗区龙岗大道6002号摩尔城写字楼商业中心1504-1（近南联地铁站B出口，摩尔城购物中心）,0755-28911892/18948180996,周一至周日10:00-22:00,美团
梵希化妆美容美甲纹绣培训学校,龙华区民治大道东龙升公寓3楼（民治大润发斜对面）,0755-29487653,周二至周日09:00-22:00,美团
瑾秀国际半永久皮肤管理（龙华店）,龙华区民治街道苹果园6-7号商铺（海王星辰旁）,0755-21012009/15817282107,周一至周日10:00-22:00,美团
娴暇・拾光美甲,宝安区西乡大道与铁仔路交汇处北50米（艺峦商务中心）,13243895952,周一至周日10:00-23:00,美团
ZOE形象管理,龙岗区园山街道保安社区独竹商业街43-2-铺（荣德国际）,13613090363/15955913901,周一至周日10:00-22:00,美团
遇见  美容美甲,龙华区观澜街道桂新路82号（润君澜酒店正对面，）,13360079610/15814484800,周一至周日10:00-23:00,美团
妍・venus美容机构,龙华区万科金域华府1期2-45号铺,0755-85263195,周一至周日10:00-22:00,美团
瞬间美减肥终点站,龙岗区老圩村沙龙路27号,13760226312,周一至周日09:00-21:00,美团
果蔬美容养生馆,南山区龙珠六路郁金香花园2号商铺,18823165137,周一至周日10:00-21:30,美团
娴暇・拾光美甲,宝安区西乡大道与铁仔路交汇处北50米（艺峦商务中心）,13243895952,周一至周日10:00-23:00,美团
ZOE形象管理,龙岗区园山街道保安社区独竹商业街43-2-铺（荣德国际）,13613090363/15955913901,周一至周日10:00-22:00,美团
遇见  美容美甲,龙华区观澜街道桂新路82号（润君澜酒店正对面，）,13360079610/15814484800,周一至周日10:00-23:00,美团
妍・venus美容机构,龙华区万科金域华府1期2-45号铺,0755-85263195,周一至周日10:00-22:00,美团
瞬间美减肥终点站,龙岗区老圩村沙龙路27号,13760226312,周一至周日09:00-21:00,美团
果蔬美容养生馆,南山区龙珠六路郁金香花园2号商铺,18823165137,周一至周日10:00-21:30,美团
米兰天使国际美容美甲会所,宝安区前进二路西乡雍和园同学都荟商场一楼A26,0755-27782767/15767919002,周一至周日09:00-22:00,美团
靓典中式美颜养生馆,南山区华侨城益田假日广场世界花园樱花居1楼对外商铺（益田假日广场后门正对面，离威斯汀酒店10米，旁边有威尼斯酒店，对面是世界之窗）,0755-26164585/18674584761,周一至周日10:00-22:00,美团
丽人专业纹绣护肤中心,罗湖区爱国路水库新村65-2号,13028881681,周一至周日10:00-22:00,美团
聚力美综合美容中心（明治店）,龙华区腾龙路鹏润达服贸广场一楼D区南三街106室（近九方）,13143429701,周一至周日10:00-21:00,美团
盅杖帐矫姥彰酪蹬嘌瞪萄г,龙岗区平湖平吉大道华南城物流中心6楼618,13267791009,周一至周日10:30-17:0018:00-21:00,美团
娜米小兔（和平里店）,龙华区布龙路特发和平里1期44号铺（龙胜地铁D出口400米）,0755-21008024,周一至周日10:00-22:00,美团
爱丽美容SPA 会所,南山区前海路星海名城五期D号铺爱丽美容院(星海名城北大附中),0755-86292023,周一至周日10:00-21:30,美团
娜米小兔（金港华庭店）,宝安区宝安大道金港华庭4009-30号商铺（苏宁易购旁）,0755-23352747,周一至周日10:00-22:00,美团
朵妍朵色美容皮肤管理中心（坂田店）,龙岗区坂田街道嘉御豪园S118商铺（坂田机关幼儿园旁）,13501555882,周一至周日10:00-22:00,美团
百丽雅SPA三养美容会所（港隆城店）,宝安区宝安80区宝民二路111号港隆城购物中心4楼（近恒丰海悦大酒店）,400-016-6660,周一至周日09:30-22:00,美团
美之道美容会所,宝安区西乡街道圣淘沙商业街11栋16号（中国工商银行门口右边步行街50米）,0755-33531024/18681555106,周一至周日10:00-21:30,美团
星罗 ins SPA,南山区太子路83号星罗酒店（海上世界地铁C出口直走过马路，门店靠近WH.TE）,0755-21617429/18688735234,周一至周日09:30-22:00,美团
Sensibio舒妍皮肤健康管理中心,福田区皇岗四街皇庭世纪2栋丽豪阁19C号（皇岗村地铁E出口直行150米右转金海马家居慕思通道皇庭世纪）,18899772619,周一至周日10:00-22:00,美团
联合丽格医疗美容,南山区海德二道245号华彩新天地三楼（海雅百货、南山书城、南山茂业百货对面）,400-087-6600-0155,周一至周日09:30-18:00,美团
美丽田园（南山京基百纳广场店）,南山区白石路168号京基100纳广场L2层L2-42室（南山店）,0755-86286250,周一至周日10:00-22:00,美团
丽莎美妆馆,龙岗区龙岗街道华西街29号,0755-84848386/13430707346,周一至周日09:00-23:00,美团
洛纳丹蒂斑疤痘研究院（福永店）,宝安区福永街道凤凰社区109号锦灏大厦25楼2505室,0755-23304033,周一至周日10:00-22:00,美团
碧波庭美容养生馆,宝安区福永镇白石厦裕华园西26栋2楼（彩虹缤纷城）,15112521356,周一至周日09:30-22:00,美团
美尚坊美甲美睫工作室,龙岗区坂田街道塘排西四巷四号202室,13724227858,周一至周日10:00-23:30,美团
赫姿棠美容纤体,罗湖区沿河北路1003号东方都会B座2005,15915491093,周一至周日10:00-20:00,美团
缔美妍祛斑祛痘减肥连锁机构,宝安区翠竹路万科生活广场3号门外商铺（怡景花苑正对面）,13544197879,周一至周日10:30-23:00,美团
茱丽SPA美肤美学（福田店）,福田区福荣路蓝湾半岛A栋首层,0755-25332608/25332221/25498438,周一至周日09:30-22:30,美团
钰润堂美容美体连锁机构,龙岗区吉福路锦绣东方B区131号铺（龙岗中心医院愉园社康健康服务中心）,0755-28990826/15338886362,周一至周日08:00-22:30,美团
英伦玫瑰美容SPA（深圳湾店）,南山区中心路1088号（鸿威海怡湾裙楼BABYCITY二楼201号）,0755-86526122,周一至周日09:30-22:00,美团
In Time时光里半永久&皮肤管理,龙岗区龙翔大道吉祥地铁站C出口万科天誉花园二期10栋A座520（近万科广场）,13590497025/18565660189,周一至周日10:00-22:30,美团
本草国际美容机构,宝安区石岩街道如意路197号美德酒店旁（佳华商场，美德酒店，如意豪庭）,13530775898,美团
汐奈由美日式美甲（KKONE店）,福田区京基滨河时代广场C2单元13J,13924588556,周一至周日10:00-22:00,美团
伊人美美容养生中心,罗湖区人民北路水产大厦18楼E,0755-82241377,周一至周日10:00-21:00,美团
爱美丽汗蒸馆,龙华区民治街道万众城商品批发城3号门1楼A141号（一品湘木桶饭旁边内巷子第三家店）,0755-33071471/13424203481,周一至周日11:00-22:00,美团
欧雅顿美容护肤中心,坪山区坪山大道东津名座B座10楼1006,15078995462,周三至周日10:30-20:30,美团
蒽莱娜半永久皮肤管理中心,南山区登良路公园道B座2503A（来福士商场隔壁）,13632896963/13725558109,周一至周日10:00-21:00,美团
美丽时光有机生活馆,宝安区前进一路雅然居111商铺（前进天虹）,0755-29613248,周一至周日10:00-22:00,美团
DJ beauty科技皮肤管理（财富店）,福田区车公庙香林路财富广场A栋23DE号（车公庙地铁A出口）,0755-23486279/15221686552,周一至周日12:00-20:00,美团
Soul Studio溯源轻奢形象定制,南山区科技路大冲新城花园2栋1A座3809（近高新园地铁站B出口，国力口腔门诊部正对面）,15302688110,周一至周日10:00-22:00,美团
玲玲美容美甲店,南山区常兴路云娜时装城2楼（桃园地铁站、常兴天虹）,18664908182,周一至周日10:00-21:00,美团
NU-Life 新・生活・美容馆,福田区金中环商务大厦B1110（地铁会展中心站E口）,13410436518,周一至周日10:00-20:30,美团
创美人生容貌管理中心,龙岗区龙岗街道金城街21号二楼（龙岗商业老街发源地同层）,0755-84823956/18124501324,周一至周日09:00-23:30,美团
柏艺美容养生馆,宝安区西乡固戍红湾一区二巷1号,18207550137,周一至周日10:00-23:00,美团
Lancy兰茜仪绣美容美妆定制室,罗湖区深南东路5016号京基100大厦C座1单元9H,13501598122/18719060577,周一至周日10:00-23:00,美团
美丽世界三养会所,南山区白石洲世界花园樱花居2栋首层1号铺,0755-26757145,周一至周日10:00-22:00,美团
InTime时光里半永久&皮肤管理（海航城店）,龙岗区龙岗大道海航城南苑四栋B座118号（南联地铁站）,16620886011/18565660189,周一至周日09:00-22:30,美团
佳妮美丽生活馆,龙岗区龙城街道盛龙路盛龙花园12栋18号万象天成旁（万象天成旁边）,0755-28932359/13412042209,周一至周日11:00-22:00,美团
CAI CHUCHU高端美肤（地王店）,罗湖区解放路龙园创展大厦3511（近地王大厦，地铁1/2号线大剧院站D出口）,13430517389/18665803593,周一至周日10:00-23:00,美团
Rebirth瑞蓓丝・抗衰美疗中心,福田区车公庙NEO大厦C座21G（车公庙地铁站J出口，财富广场斜对面）,0755-83237327/18923792899,周一至周日12:00-22:00,美团
世纪名媛美容连锁,福田区梅林一村梅山苑9栋1楼,0755-83517300,周一至周日11:00-21:00,美团
meike魅可美甲美睫（新洲优选店）,福田区祠堂村一街新洲文化广场9号商铺 沙尾地铁站C出口100米,0755-82568265/15820751018,周一至周日10:00-23:30,美团
美丽加芬美容中心,福田区华发北路桑达雅苑9A（紫荆城麦当劳正门对面楼9楼9a）,0755-82815089/18607554527,周一至周日10:00-22:00,美团
美肌丽人养生馆,罗湖区凤凰路京达酒店815,13728676010,周一至周日11:00-22:30,美团
喵匠科技美肤馆,龙岗区龙城广场万科V寓1栋1308室,18682123586/13760292630,周一至周日 12:00-21:30,美团
精养堂美颜养生会所,南山区龙珠四路方大城2栋410,0755-26607942/13603053586,周一至周日10:00-22:00,美团
神圣空间工作室,龙岗区万科金色半山揽山堡509（佳兆业悦峰）,13428764440,周二至周日10:00-21:30,美团
Dreamy Skin韩系君美皮肤管理中心（财富店）,福田区车公庙香林路财富广场A栋13L号（近车公庙地铁A出口）,0755-82544176/19924553890,周一至周日11:00-22:00,美团
bobo 纯正法式有机护理中心（海上世界双玺店）,南山区望海路双玺花园一期113、114号商铺,16607553770,周一至周日10:00-22:00,美团
琳卡珀莱雅美容院,龙华区龙华街道东环二路东源阁B区A栋108,0755-36318886,周一至周日08:00-23:00,美团
蝶SPA美容养生连锁机构,龙华区民治街道书香门第上河坊购物乐园0016商铺（Nike专卖店对面）,0755-85279878/18123954849,周一至周日09:30-22:30,美团
德修缘护肤中心,龙华区观澜环观南路128号松祺商厦3楼（进贤酒店旁边）,0755-29085804,周一至周日10:00-22:00,美团
维多丽雅SPA（东海店）,福田区红荔路8099号东广场2层（地铁车公庙站）,0755-83367699,周一至周日09:30-22:00,美团
尚之妍美容养生会所（莲塘店）,罗湖区国威路165号（炫彩空间坊对面）,0755-25726891,周一至周日10:00-21:00,美团
翌芙莱专业祛斑祛痘美容,龙华区大浪南路与联围街交口东100米,18123931870,周一至周日09:30-22:00,美团
RUILAV瑞拉科技美容,罗湖区金塘街中海鹿丹名苑6栋107号商铺（鹿丹大厦后门正对面，鹿丹村地铁站A1出口50米）,0755-82344509,周一至周日11:00-21:00,美团
Kiss Me Beauty,福田区中航路世纪汇都会轩4502室（上海宾馆，华强路地铁站B出口，九方购物中心，都会100电子城）,18811877119,周一至周日11:00-22:00,美团
瑞吉酒店・铱瑞水疗 IRIDIUM SPA,罗湖区深南东路京基一百大厦瑞吉酒店75楼,0755-22239407,周一至周日10:00-23:30,美团
颜时光日式美甲美睫皮肤管理,龙岗区龙岗大道大都汇可域酒店C座1002（布吉地铁A出口对面）,18026985912/18829906460,周一至周日11:00-21:00,美团
柠檬树美容美甲会所,龙华区龙华地铁站A出口800米爱情斑马线对面柠檬树美容美甲会所（龙华焦点KTV对面）,18823787446/18938078371,周一至周日10:30-22:00,美团
傲美美容会所（罗湖店）,"罗湖区爱国路金通大厦一楼,翠竹地铁站B2出口直走过红绿灯右手边",0755-25425000,周一至周日10:00-22:00,美团
康悦女性健康管理中心,龙华区腾龙路和中梅路交汇处润达圆庭F栋12B,13691665686,周一至周日10:00-21:00,美团
琴轩美容美甲会所,宝安区西乡招商果岭花园七栋117号铺,13728602709,周一至周日10:00-21:00,美团
Hey girl 半永久科技美肤中心（合正汇一城店）,宝安区新湖路合正汇一城1A-24楼2403（地铁1号线西乡站A出口，天虹门口农行右转）,13725502101/19926413572,周一至周日11:00-21:30,美团
苗医生专业祛痘（人民路店）,龙华区龙华区人民北路4140号（华润万家对面）,400-152-0900,周一至周日10:00-22:00,美团
YOU&ME美甲美睫沙龙,罗湖区深南东路世界金融中心B座1306,13143436814,周一至周日10:00-21:00,美团
风华丽人美容,南山区东滨路鼎太风华七期105铺,0755-86380356,周一至周日10:00-22:00,美团
欣悦美容美甲中心（黄贝岭店）,罗湖区黄贝岭华丽路丽斯大厦8楼,0755-82735599/13510676097,周一至周日10:00-22:00,美团
纤姿美容美体养生坊,宝安区流塘荔景新村20号,18898353024,周一至周日10:00-22:00,美团
华涟荟康荟盐疗美容养生馆,龙岗区中翠路桂芳园8期31号楼（流云阁B单元102号）,13728676705/13554799933,周一至周日10:00-22:00,美团
深圳铭医医疗美容医院,罗湖区深南东路3018号祥祺商厦4-5楼地铁老街站C出口,400-087-6600-0543,周一至周日09:00-19:30,美团
萌俪莎美甲美睫店,龙岗区龙岗街道华特步行街84号（近平岗中学）,13823752033/13728761183,周一至周日11:00-22:00,美团
韩贞熙 美容美甲,"龙华区名福路2号百易广场3楼（百易广场三楼后门,游乐场旁）",13713965905/13530513623,周一至周日10:00-22:00,美团
VEYA BEAUTY 维雅韵肌肤管理中心（幸福里店）,罗湖区宝安南路以西幸福里雅居1栋14E,0755-28881286/18088883083,周一至周日11:00-13:0013:30-21:30,美团
御玫瑰健康美肤（建安店）,宝安区新安街道7区甲岸村建安1路205号,0755-27860081,周一至周日10:00-20:00,美团
梦想合伙人美发,龙华区三联弓村三联路富泉新村二期Q102栋二楼,0755-21035737/15986766524,周一至周日11:00-23:00,美团
兰馨娜美容美体,龙岗区大同街28栋102铺,15823218329,周一至周日08:00-23:00,美团
AFLOAT日式沙龙（平安金融中心店）,福田区益田路5033号平安金融中心PAFCMALL商场N505号,0755-23000839/23000939,周一至周日10:00-22:00,美团
云丹健康,福田区滨河大道滨河时代大厦C1栋6F,0755-23942255,周一至周日09:00-21:00,美团
克丽缇娜（天健时尚店）,福田区景田北路天健时尚新天地D01号,0755-83161389,周一至周日10:00-22:00,美团
MAGNORIA蜜Z妮,福田区福华一路购物公园北园A区2楼215铺（马可孛罗好日子酒店对面，法拉利展厅楼上）,0755-83660246,周一至周日11:00-21:00,美团
康美静汗蒸养生护肤,福田区沙头街道沙尾西村226-3（沙尾酒店公寓附近）,13825253828/13886528679,周一至周日10:00-23:30,美团
白熙儿国际纹绣美学院（龙华店）,龙华区汇海广场A座1907室,18588281101,周一至周日10:00-20:00,美团
彩艺化妆美甲,龙华区东环1路共和花园21栋102室（小区进门左拐50米处）,13424236592,周一至周日09:00-21:00,美团
印奈儿美甲手足护理机构,福田区园岭街道园岭中路园中园万佳广场（原新一佳）一楼1221铺（纤艺美发店对面）,13712882960,周一至周日10:00-21:30,美团
思妍丽（金域蓝湾店）,福田区福荣路268号万科金域蓝湾6-9号裙楼102-106室,0755-83477832,周一至周日10:00-22:00,美团
皇妃・修身堂（后海店）,南山区中心路致远大厦1楼2198号（近宝能太古城）,0755-86677118/86677998,周一至周日09:30-21:30,美团
心美皮肤管理中心,南山区怡海大道龙海商业广场南区A136铺（真功夫对面）,13560758125/13652441036,周一至周日10:00-22:00,美团
思妍丽（上海宾馆店）,福田区深南中路3032号上海宾馆2楼多功能厅,0755-23907922,周一至周日10:00-22:00,美团
伊思漫诺（红星店）,宝安区红星社区温屋西路14号,18929376259,周一至周日10:30-22:30,美团
伊美美颜养生馆（万科店）,龙岗区坂田万科城丁香公寓S126伊美美颜养生馆,0755-89397586,周一至周日09:00-22:00,美团
碧波庭美容养生馆（沙嘴店）,福田区沙嘴村三坊37栋,13025472269,周一至周日09:00-23:00,美团
YouthStation时光车站,南山区望海路1089-50号（南海玫瑰花园二期底商）,0755-88278220/13692198620,周一至周日10:00-22:00,美团
千年艾美容水疗会所（龙岗店）,龙岗区爱龙路99号A006铺（国际葡萄酒文化产业城，瑞华园大门口正对面）,0755-28362782/13926531620,周一至周日全天,美团
Dreamy Skin韩系君美皮肤管理中心（龙华民治店）,龙华区盛荟居B栋1502（近4号线上塘站D出口）,0755-21046716/18665949575,周一至周日11:00-22:00,美团
老中医美容养生坊,龙岗区中翠路桂芳园八期流云阁C座207（正门进小区左手边）,0755-85218276,周一至周日10:00-22:00,美团
维多丽雅spa（壹方城店）,宝安区宝安中心兴华一路壹方城L1一J039,0755-23210299/23350599,周一至周日09:30-22:00,美团
艾尔美肤管理中心,福田区深南大道1003号大中华国际金融中心C座1809,0755-83237150,周一至周日09:30-20:00,美团
阳光美舒颜馆,福田区下梅林二街颂德国际广场105号,18822830759/15017971224,周一至周日10:00-22:00,美团
百年吴越专业祛痘祛斑连锁（观澜店）,龙华区观澜街道大航社区大和路中航格澜阳光花园B栋B701室铺（中国工商银行旁）,0755-29505887/13510460085,周一至周日11:00-21:00,美团
尚希美塑形生活馆,南山区桃园地铁站B出口常兴广场天虹商场东座21层L,13691777547,周一至周日09:00-21:00,美团
圣雅国际护肤造型,南山区桃园路286号（前海花园286号商铺）,0755-26914392/13724377168,周一至周日10:30-22:30,美团
悦肌时光美容养生（风格名苑店）,罗湖区桂园路风格名苑1-146号,18927407406,周一至周日10:30-22:30,美团
云水・瑶池美容养生纤体中心,福田区梅丽路梅林一村27栋215室（家乐福附近，面点王二楼）,0755-83534341/83534305,周一至周日09:30-22:00,美团
臻颜美学美肌（壹方天地店）,龙华区龙华人民路鸿荣源壹城中心9区3A3805号（壹方天地蝴蝶梦对面住宅入口处上楼）,15986671209/13538088919,周一至周日11:00-21:00,美团
Metgirls蜜格丝皮肤管理中心,福田区梅华路绿景虹湾D栋31F,13927450283,周一至周日09:30-20:00,美团
沃德美美容SPA会所（前海店）,南山区前海路鼎太风华六期裙楼103-104商铺,0755-86066993,周一至周日09:30-22:30,美团
小丫妈纤体养生会所（罗湖莲塘店）,罗湖区莲塘名骏豪庭三号楼1－6号商铺,0755-25495224/25495386,周一至周日07:30-22:00,美团
汉方科医美养生美容馆,南山区红花路69号汉方中医馆1楼（南山文体中心）,0755-26566477,周一至周日10:00-20:00,美团
溯光减肥美容生活工作室（龙华店）,龙华区民治街道书香门第上河坊广场1栋B座708（民乐地铁站A出口）,13530953134,周一至周日09:30-21:00,美团
BMBW美颜私享会,福田区石厦新天商务中心B座1010号（马城时代广场）,0755-82553122/18822822367,周一至周日10:30-20:00,美团
沃德美美容SPA会所（碧海湾店）,宝安区西乡大道槟城西岸华庭2栋219室,0755-82598853,周一至周日09:00-22:30,美团
贰拾皮肤年轻化管理中心,福田区石厦街新天世纪商务中心C座3607（石厦地铁站F出口，星巴克旁边大堂上5楼，左转c座高区电梯）,17727879447,周一至周日11:00-21:00,美团
佳媛丽人美容养生会所,宝安区福永街道龙翔路横巷14巷11栋101店铺,15012827564,周一至周日10:30-21:30,美团
东方时尚美发连锁（蛇口总店）,南山区蛇口老街67号（东角头地铁站A出口）,0755-26833450,周一至周日10:00-22:00,美团
沐铭居美容美体养生会馆,南山区海德三道美墅蓝山226号商铺（近茂业百货后门）,0755-36627405/18680311924,周一至周日10:30-22:00,美团
沃德美美容SPA会所（香蜜半山店）,南山区香蜜湖街道兰江山第花园一期2栋A座105室,0755-23601299,周一至周日09:30-22:30,美团
克丽缇娜,龙岗区平湖凤凰大道263号翠峰丽景1-2楼,0755-89885380/15626517735,周一至周日09:30-22:00,美团
苗颜坊专业祛痘连锁机构（坂田店）,龙岗区吉华路688号吉和大厦,0755-28760959,周一至周日10:00-22:00,美团
沃德美美容SPA会所（科技园Z然店）,南山区深圳湾科技生态园7栋B座74号,0755-26902039,周一至周日10:00-21:30,美团
玉钥堂盈妍美美容养生会所,宝安区民主大道15号二楼,0755-27728588,周一至周日10:00-22:00,美团
素颜坊美容养生,宝安区松河北路温屋段3号（高调纯K）,0755-23062107/13632526735,周一至周日09:00-22:00,美团
洛丹倪尔肌肤管理中心（大浪店）,龙华区华兴路大浪时代购物广场港湾百货2楼,16620697876/13691811505,周一至周日10:00-23:00,美团
三花里美甲美睫（华强北店）,福田区深南中路世纪汇公寓楼都会轩43楼4303室（九方GAP对面入口）,13632686867,周一至周日11:00-22:00,美团
洛丹倪尔肌肤管理中心,龙华区观澜街道桂月路章阁社区天富商贸城一楼B05号铺（中影时空影城楼下入口50米处）,15820763336/17503029800,周一至周日09:00-22:00,美团
自然真善美,宝安区松岗街道南边头路红星龙门南五巷4号,15323796090,周一至周日10:00-22:00,美团
韩莱专业永久脱毛连锁（南山店）,南山区粤海街道海德二道与文心五路交汇处海岸城东座203（后海地铁站D1出口右侧楼梯直走300米）,0755-86716961/13316556088,周一至周日10:00-22:00,美团
Qitarah SPA芊q美容塑身中心,福田区金田路金中环商务大厦B座1508（A座15楼电梯口穿过15F大门，左手边第一家）,18565670677/18018711757,周一至周日10:00-21:00,美团
美派美睫,福田区笋岗西路银华大厦16楼16EE12,18107550601,周一至周日10:30-20:00,美团
La beauté 肌肤管理中心,南山区深南大道瑞思中心A座2014-2015室,13530433428,周一至周日10:30-21:00,美团
光明美年华美甲化妆,宝安区光明新区正力时代广场一楼,13828772175,周一至周日09:00-22:00,美团
伊佳人皮肤管理中医理疗,龙岗区龙岗坂田街道黄金山大同街15号物业管理处旁,0755-28471479,周一至周日09:00-23:00,美团
慧美美容美甲SPA养生馆,罗湖区东湖路布心彩世界家和乐4楼（上岛咖啡内）,0755-25431061/25431643,周一至周日09:00-21:00,美团
克丽缇娜（城中雅苑店）,福田区福华三路城中雅苑6栋104号（福星小学对面）,0755-82021565,周一至周日10:00-22:00,美团
缔美国际科技美容（缤纷年华店）,南山区正云路缤纷商业中心23-24铺,0755-26905987/13699788166,周一至周日10:30-21:00,美团
荟草堂美容养生中心（龙岗店）,龙岗区龙岗大道横岗地铁站C出口荣德国际雨辰公寓A栋805,13544185353,周一至周日12:00-22:00,美团
韩莱国际科技美肤连锁（南山店）,南山区粤海街道海德二道与文心五路交汇处海岸城东座203（后海地铁站D1出口右侧楼梯直走300米）,0755-86716961/13316556088,周一至周日10:00-22:00,美团
克缇之家美容养生,南山区诺德假日花园6B1304,13670031632,周一至周日09:00-22:00,美团
新妍皙科技美肤中心,南山区深南大道瑞思中心A座25楼2509（益田假日广场旁边）,17727592515/15012467188,周一至周日09:30-21:30,美团
致臻堂肌肤健康管理（科技园店）,南山区大冲新城花园2栋1E座33D,13728729697,周一至周日10:00-22:00,美团
彩荣美容养生馆,福田区梅岗路华富北屋村49栋101室（梅岗路北京金色摇篮第一婴幼园）,0755-83233314/18923773228,周一至周日09:00-21:00,美团
琉璃时光（南海玫瑰园店）,南山区港西路南海玫瑰园三期7号楼1楼107室,0755-26858420,周一至周日09:30-22:30,美团
舍宾女子塑身美容中心（乐飞店）,福田区东园路台湾花园怡海阁南侧二楼（近肯德基，安迪斯广场）,0755-82276089,周一至周日09:30-21:30,美团
凤仙缘美容纤体中心,龙岗区布吉布龙路中海怡翠40栋4号铺,13714364389/13632705011,周一至周日10:00-21:30,美团
yisica美容护肤连锁机构,罗湖区黄贝岭凤凰路90号（沃尔玛超市东侧）,0755-25267959,周一至周日08:30-23:00,美团
欧洁蔓（后海花园店）,南山区后海花园6栋23号（云海天城南门对面）,0755-26655302/13088860646,周一至周日10:00-22:00,美团
简美美容美发（白石龙店）,龙华区民治街道白石龙一区146栋101,0755-29059250,周一至周日11:00-20:00,美团
芯斯科技美学,罗湖区嘉宾路爵士大厦B座25楼16-17室（地铁老街B出口或国贸E出口）,15013755578/13682364163,周一至周日10:00-21:30,美团
初见肌妍中心,福田区深圳福田区红荔西路南天健世纪花园8栋101（莲花山公园）,0755-82550151/18138834589,周一至周日10:00-21:30,美团
CH skincare韩国肌肤护理体验中心,"宝安区新湖路宏发中心大厦11层1109（壹方城对面（地铁1,5号线宝安中心站B出口））",13824325731,周一至周日09:00-22:00,美团
NATURE BEAUTY 素妍美肌,福田区车公庙天地源盛唐大厦西座1102室（天地源盛唐大厦西座，地铁下沙站Ｃ出口）,0755-23610384,周一至周日12:00-20:30,美团
苗方净颜专业祛痘,宝安区西乡中粮鸿云一楼53号铺,0755-23006012,周一至周日09:00-21:00,美团
克丽缇娜（芳缇店）,南山区玉泉路南侧麒麟花园A区28栋商场101A11,0755-26066437,周一至周日10:00-22:00,美团
瑞蔻国际无药健康护理中心（侨城店）,南山区福清街倚荔裙楼105A室,0755-26609679,周一至周日09:30-21:00,美团
韩莱专业永久脱毛连锁（南联摩尔城店）,龙岗区深惠路860号南联摩尔城3层（华润万家入口处）,0755-28306089/13682691593,周一至周日10:00-22:00,美团
美人阁形象私人订制,福田区八卦二路城市主场A座30楼3019,0755-32943250/13760196997,周一至周日09:30-21:30,美团
头道美容养生坊,宝安区公明南环大道与别墅路交叉口明景园B19商铺,0755-23419400/15302670493,周一至周日10:00-22:00,美团
蓓丝颜美容SPA（华生活馆店）,南山区兴隆西街中旅广场华生活馆B232,0755-86086566,周一至周日09:00-21:00,美团
碧波庭美容养生馆,盐田区沙头角海山道一号Aa栋33楼（广富百货）,18923867820,周一至周日08:00-22:00,美团
靓晶晶美容连锁机构（沙头角店）,盐田区梧桐路1051号碧桐海苑底商VanGO便利店隔壁,0755-25273083,周一至周日10:00-22:00,美团
FACE日式小颜美容矫正サロン,福田区金田路金中环酒店公寓附楼B座1015号（会展中心E出口）,13924610150,周一至周日12:00-20:00,美团
琉璃时光（联合店）,福田区滨河大道5022号联合广场B座中心大堂3楼（岗厦地铁站D出口500米）,0755-82951129/82951126,周一至周日09:30-22:30,美团
yisica美容连锁机构（南园3）,南山区南园村新三坊十三号,18476665910,周一至周日08:30-23:00,美团
yisica美容连锁机构（西丽分店）,南山区珠光村珠光路204号(公交站珠光村)珠光花半里小区楼下(华润万家),0755-86277023,周一至周日08:30-23:00,美团
雪姬美素美容纤体中心（草埔店）,罗湖区草埔金稻田路金稻田公寓1172号（草埔公交车大修厂斜对面）,0755-25687878,周一至周日11:30-22:00,美团
皇美高端定妆中心（宝安总店）,宝安区西乡圣淘沙骏园3栋商铺16号（西乡地铁站D出口）,0755-23302899/18682465682,周一至周日09:30-21:30,美团
悦妍健康会所,龙岗区坂田坂雪岗大道荣兴大厦一楼win美食汇104-119门店（坂田地铁站A出口富豪花园公交站台）,0755-84651946/13430416172,周一至周日10:30-21:30,美团
纤黛尔美容养身馆（泛海拉菲纤黛尔美容养身馆）,南山区月亮湾花园大润购物广场二楼,0755-86389230/13450954016,周一至周日12:00-22:00,美团
百丽雅SPA三养美容会所（现代国际店）,福田区金田路现代国际大厦501-F,400-016-6660,周一至周日09:30-22:00,美团
老中医化妆品（龙华民乐店）,龙华区民乐一区123栋2号（家和乐麦当劳对面）,17099983202,周一至周日10:30-22:30,美团
ODAILY奥黛丽・皮肤管理中心,福田区海田路卓越世纪中心3号楼B513-514铺,18576699666,周一至周日10:30-21:00,美团
贝琳国际美容SPA（四分店卓越维港店）,南山区中心路2158号卓越维2102-34号铺（海月地铁站）,0755-26880333/26880666,周一至周日09:00-22:00,美团
贝琳国际美容SPA（一分店福怡馆）,罗湖区解放路3066号一至二楼,0755-25589111,周一至周日09:00-22:00,美团
美甲美睫半永久皮肤管理（南岭店）,龙岗区黄金南路黄金豪庭小区8栋A49（宜家生活超市旁，近布吉高级中学）,13790404982/18033078951,周一至周日10:30-23:30,美团
yisica美容连锁机构（白石洲4）,南山区上白石村三坊11号1楼103号,13662292005,周一至周日08:30-23:00,美团
苗老祖专业祛痘祛斑祛痣美容（平湖店）,龙岗区平湖镇麻石路16号（原龙洲百货旁）,13715121261/15999523652,周一至周日10:30-22:00,美团
久匠・美台式美睫美甲纹绣,南山区深南大道9030号瑞思中心A座616号（益田假日广场西侧）,0755-86523742/13723430098,周一至周日10:00-22:00,美团
养元阁养生馆,龙华区民治南景新村C5栋一A1号铺（民治地铁D出口左转3oo米，靠近深圳北站）,13538005961,周一至周日09:00-23:00,美团
哈喽美甲,罗湖区聚宝路84号a9室（旅客之家旁）,15815511251,周一至周日10:30-22:30,美团
老中医斑痘印敏皮肤调理中心（民治榕苑店）,龙华区民治大道榕苑小区37号铺（横岭公交站台旁，悦湖商城湘里小厨，友谊书城正对面）,18820963725/13723703725,周一至周日10:00-23:00,美团
天颜专业祛痘（白石龙店）,龙华区深圳龙华区民治街道民塘路玖龙荟2N029,13600406691,周一至周日10:00-22:00,美团
克丽缇娜（凤凰路店）,罗湖区凤凰路海珑华苑海阔阁一号商铺,0755-25694966,周一至周日10:00-22:00,美团
沐妍荟皮肤管理中心（购物公园店）,福田区民田路305号,0755-82714326,周一至周日10:00-21:00,美团
Dreamy Skin韩系君美皮肤管理中心（来福士店）,南山区登良路公园道大厦B座509室（来福士广场旁）,0755-26925621/13480157283,周一至周日11:00-22:00,美团
大鼻子美容美甲,福田区金中环国际商务大厦A座0818室（会展中心E出口）,0755-82776653/15811843528,周一至周日10:00-22:00,美团
兰姿妍国际美容养生会所,龙岗区吉潭路36号（久记猪肚鸡旁）,0755-28905987,周一至周日10:00-22:00,美团
女王美容汗蒸SPA会所,龙华区玉翠三街玉翠新村204栋3楼,15013674113,周一至周日10:00-22:00,美团
芊美国际私人订制（安良分店）,龙岗区油田路安良五村安良新村南门门口,15920082899/15118836882,周一至周日10:00-22:00,美团
爱尚瘦（尚纤瘦店）,宝安区西乡镇新湖路西乡地铁B出口蚝业雅苑,18928491810,美团
克丽缇娜（观园店）,龙岗区环观南路招商观园商铺1813号,0755-23078299,周一至周日10:00-22:00,美团
伊思漫诺（红星店）,宝安区红星社区温屋西路14号,18929376259,周一至周日10:30-22:30,美团
伊美美颜养生馆（万科店）,龙岗区坂田万科城丁香公寓S126伊美美颜养生馆,0755-89397586,周一至周日09:00-22:00,美团
碧波庭美容养生馆（沙嘴店）,福田区沙嘴村三坊37栋,13025472269,周一至周日09:00-23:00,美团
YouthStation时光车站,南山区望海路1089-50号（南海玫瑰花园二期底商）,0755-88278220/13692198620,周一至周日10:00-22:00,美团
千年艾美容水疗会所（龙岗店）,龙岗区爱龙路99号A006铺（国际葡萄酒文化产业城，瑞华园大门口正对面）,0755-28362782/13926531620,周一至周日全天,美团
Dreamy Skin韩系君美皮肤管理中心（龙华民治店）,龙华区盛荟居B栋1502（近4号线上塘站D出口）,0755-21046716/18665949575,周一至周日11:00-22:00,美团
老中医美容养生坊,龙岗区中翠路桂芳园八期流云阁C座207（正门进小区左手边）,0755-85218276,周一至周日10:00-22:00,美团
维多丽雅spa（壹方城店）,宝安区宝安中心兴华一路壹方城L1一J039,0755-23210299/23350599,周一至周日09:30-22:00,美团
艾尔美肤管理中心,福田区深南大道1003号大中华国际金融中心C座1809,0755-83237150,周一至周日09:30-20:00,美团
阳光美舒颜馆,福田区下梅林二街颂德国际广场105号,18822830759/15017971224,周一至周日10:00-22:00,美团
百年吴越专业祛痘祛斑连锁（观澜店）,龙华区观澜街道大航社区大和路中航格澜阳光花园B栋B701室铺（中国工商银行旁）,0755-29505887/13510460085,周一至周日11:00-21:00,美团
尚希美塑形生活馆,南山区桃园地铁站B出口常兴广场天虹商场东座21层L,13691777547,周一至周日09:00-21:00,美团
圣雅国际护肤造型,南山区桃园路286号（前海花园286号商铺）,0755-26914392/13724377168,周一至周日10:30-22:30,美团
云水・瑶池美容养生纤体中心,福田区梅丽路梅林一村27栋215室（家乐福附近，面点王二楼）,0755-83534341/83534305,周一至周日09:30-22:00,美团
臻颜美学美肌（壹方天地店）,龙华区龙华人民路鸿荣源壹城中心9区3A3805号（壹方天地蝴蝶梦对面住宅入口处上楼）,15986671209/13538088919,周一至周日11:00-21:00,美团
Metgirls蜜格丝皮肤管理中心,福田区梅华路绿景虹湾D栋31F,13927450283,周一至周日09:30-20:00,美团
沃德美美容SPA会所（前海店）,南山区前海路鼎太风华六期裙楼103-104商铺,0755-86066993,周一至周日09:30-22:30,美团
小丫妈纤体养生会所（罗湖莲塘店）,罗湖区莲塘名骏豪庭三号楼1－6号商铺,0755-25495224/25495386,周一至周日07:30-22:00,美团
汉方科医美养生美容馆,南山区红花路69号汉方中医馆1楼（南山文体中心）,0755-26566477,周一至周日10:00-20:00,美团
BMBW美颜私享会,福田区石厦新天商务中心B座1010号（马城时代广场）,0755-82553122/18822822367,周一至周日10:30-20:00,美团
沃德美美容SPA会所（碧海湾店）,宝安区西乡大道槟城西岸华庭2栋219室,0755-82598853,周一至周日09:00-22:30,美团
贰拾皮肤年轻化管理中心,福田区石厦街新天世纪商务中心C座3607（石厦地铁站F出口，星巴克旁边大堂上5楼，左转c座高区电梯）,17727879447,周一至周日11:00-21:00,美团
佳媛丽人美容养生会所,宝安区福永街道龙翔路横巷14巷11栋101店铺,15012827564,周一至周日10:30-21:30,美团
东方时尚美发连锁（蛇口总店）,南山区蛇口老街67号（东角头地铁站A出口）,0755-26833450,周一至周日10:00-22:00,美团
沐铭居美容美体养生会馆,南山区海德三道美墅蓝山226号商铺（近茂业百货后门）,0755-36627405/18680311924,周一至周日10:30-22:00,美团
沃德美美容SPA会所（香蜜半山店）,南山区香蜜湖街道兰江山第花园一期2栋A座105室,0755-23601299,周一至周日09:30-22:30,美团
克丽缇娜,龙岗区平湖凤凰大道263号翠峰丽景1-2楼,0755-89885380/15626517735,周一至周日09:30-22:00,美团
苗颜坊专业祛痘连锁机构（坂田店）,龙岗区吉华路688号吉和大厦,0755-28760959,周一至周日10:00-22:00,美团
沃德美美容SPA会所（科技园Z然店）,南山区深圳湾科技生态园7栋B座74号,0755-26902039,周一至周日10:00-21:30,美团
玉钥堂盈妍美美容养生会所,宝安区民主大道15号二楼,0755-27728588,周一至周日10:00-22:00,美团
素颜坊美容养生,宝安区松河北路温屋段3号（高调纯K）,0755-23062107/13632526735,周一至周日09:00-22:00,美团
洛丹倪尔肌肤管理中心（大浪店）,龙华区华兴路大浪时代购物广场港湾百货2楼,16620697876/13691811505,周一至周日10:00-23:00,美团
三花里美甲美睫（华强北店）,福田区深南中路世纪汇公寓楼都会轩43楼4303室（九方GAP对面入口）,13632686867,周一至周日11:00-22:00,美团
洛丹倪尔肌肤管理中心,龙华区观澜街道桂月路章阁社区天富商贸城一楼B05号铺（中影时空影城楼下入口50米处）,15820763336/17503029800,周一至周日09:00-22:00,美团
自然真善美,宝安区松岗街道南边头路红星龙门南五巷4号,15323796090,周一至周日10:00-22:00,美团
韩莱专业永久脱毛连锁（南山店）,南山区粤海街道海德二道与文心五路交汇处海岸城东座203（后海地铁站D1出口右侧楼梯直走300米）,0755-86716961/13316556088,周一至周日10:00-22:00,美团
Qitarah SPA芊q美容塑身中心,福田区金田路金中环商务大厦B座1508（A座15楼电梯口穿过15F大门，左手边第一家）,18565670677/18018711757,周一至周日10:00-21:00,美团
美派美睫,福田区笋岗西路银华大厦16楼16EE12,18107550601,周一至周日10:30-20:00,美团
光明美年华美甲化妆,宝安区光明新区正力时代广场一楼,13828772175,周一至周日09:00-22:00,美团
伊佳人皮肤管理中医理疗,龙岗区龙岗坂田街道黄金山大同街15号物业管理处旁,0755-28471479,周一至周日09:00-23:00,美团
慧美美容美甲SPA养生馆,罗湖区东湖路布心彩世界家和乐4楼（上岛咖啡内）,0755-25431061/25431643,周一至周日09:00-21:00,美团
克丽缇娜（城中雅苑店）,福田区福华三路城中雅苑6栋104号（福星小学对面）,0755-82021565,周一至周日10:00-22:00,美团
缔美国际科技美容（缤纷年华店）,南山区正云路缤纷商业中心23-24铺,0755-26905987/13699788166,周一至周日10:30-21:00,美团
荟草堂美容养生中心（龙岗店）,龙岗区龙岗大道横岗地铁站C出口荣德国际雨辰公寓A栋805,13544185353,周一至周日12:00-22:00,美团
克缇之家美容养生,南山区诺德假日花园6B1304,13670031632,周一至周日09:00-22:00,美团
致臻堂肌肤健康管理（科技园店）,南山区大冲新城花园2栋1E座33D,13728729697,周一至周日10:00-22:00,美团
彩荣美容养生馆,福田区梅岗路华富北屋村49栋101室（梅岗路北京金色摇篮第一婴幼园）,0755-83233314/18923773228,周一至周日09:00-21:00,美团
琉璃时光（南海玫瑰园店）,南山区港西路南海玫瑰园三期7号楼1楼107室,0755-26858420,周一至周日09:30-22:30,美团
舍宾女子塑身美容中心（乐飞店）,福田区东园路台湾花园怡海阁南侧二楼（近肯德基，安迪斯广场）,0755-82276089,周一至周日09:30-21:30,美团
凤仙缘美容纤体中心,龙岗区布吉布龙路中海怡翠40栋4号铺,13714364389/13632705011,周一至周日10:00-21:30,美团
yisica美容护肤连锁机构,罗湖区黄贝岭凤凰路90号（沃尔玛超市东侧）,0755-25267959,周一至周日08:30-23:00,美团
欧洁蔓（后海花园店）,南山区后海花园6栋23号（云海天城南门对面）,0755-26655302/13088860646,周一至周日10:00-22:00,美团
简美美容美发（白石龙店）,龙华区民治街道白石龙一区146栋101,0755-29059250,周一至周日11:00-20:00,美团
芯斯科技美学,罗湖区嘉宾路爵士大厦B座25楼16-17室（地铁老街B出口或国贸E出口）,15013755578/13682364163,周一至周日10:00-21:30,美团
初见肌妍中心,福田区深圳福田区红荔西路南天健世纪花园8栋101（莲花山公园）,0755-82550151/18138834589,周一至周日10:00-21:30,美团
CH skincare韩国肌肤护理体验中心,"宝安区新湖路宏发中心大厦11层1109（壹方城对面（地铁1,5号线宝安中心站B出口））",13824325731,周一至周日09:00-22:00,美团
苗方净颜专业祛痘,宝安区西乡中粮鸿云一楼53号铺,0755-23006012,周一至周日09:00-21:00,美团
克丽缇娜（芳缇店）,南山区玉泉路南侧麒麟花园A区28栋商场101A11,0755-26066437,周一至周日10:00-22:00,美团
瑞蔻国际无药健康护理中心（侨城店）,南山区福清街倚荔裙楼105A室,0755-26609679,周一至周日09:30-21:00,美团
美人阁形象私人订制,福田区八卦二路城市主场A座30楼3019,0755-32943250/13760196997,周一至周日09:30-21:30,美团
头道美容养生坊,宝安区公明南环大道与别墅路交叉口明景园B19商铺,0755-23419400/15302670493,周一至周日10:00-22:00,美团
蓓丝颜美容SPA（华生活馆店）,南山区兴隆西街中旅广场华生活馆B232,0755-86086566,周一至周日09:00-21:00,美团
碧波庭美容养生馆,盐田区沙头角海山道一号Aa栋33楼（广富百货）,18923867820,周一至周日08:00-22:00,美团
靓晶晶美容连锁机构（沙头角店）,盐田区梧桐路1051号碧桐海苑底商VanGO便利店隔壁,0755-25273083,周一至周日10:00-22:00,美团
FACE日式小颜美容矫正サロン,福田区金田路金中环酒店公寓附楼B座1015号（会展中心E出口）,13924610150,周一至周日12:00-20:00,美团
琉璃时光（联合店）,福田区滨河大道5022号联合广场B座中心大堂3楼（岗厦地铁站D出口500米）,0755-82951129/82951126,周一至周日09:30-22:30,美团
yisica美容连锁机构（南园3）,南山区南园村新三坊十三号,18476665910,周一至周日08:30-23:00,美团
yisica美容连锁机构（西丽分店）,南山区珠光村珠光路204号(公交站珠光村)珠光花半里小区楼下(华润万家),0755-86277023,周一至周日08:30-23:00,美团
雪姬美素美容纤体中心（草埔店）,罗湖区草埔金稻田路金稻田公寓1172号（草埔公交车大修厂斜对面）,0755-25687878,周一至周日11:30-22:00,美团
皇美高端定妆中心（宝安总店）,宝安区西乡圣淘沙骏园3栋商铺16号（西乡地铁站D出口）,0755-23302899/18682465682,周一至周日09:30-21:30,美团
悦妍健康会所,龙岗区坂田坂雪岗大道荣兴大厦一楼win美食汇104-119门店（坂田地铁站A出口富豪花园公交站台）,0755-84651946/13430416172,周一至周日10:30-21:30,美团
纤黛尔美容养身馆（泛海拉菲纤黛尔美容养身馆）,南山区月亮湾花园大润购物广场二楼,0755-86389230/13450954016,周一至周日12:00-22:00,美团
百丽雅SPA三养美容会所（现代国际店）,福田区金田路现代国际大厦501-F,400-016-6660,周一至周日09:30-22:00,美团
老中医化妆品（龙华民乐店）,龙华区民乐一区123栋2号（家和乐麦当劳对面）,17099983202,周一至周日10:30-22:30,美团
ODAILY奥黛丽・皮肤管理中心,福田区海田路卓越世纪中心3号楼B513-514铺,18576699666,周一至周日10:30-21:00,美团
贝琳国际美容SPA（四分店卓越维港店）,南山区中心路2158号卓越维2102-34号铺（海月地铁站）,0755-26880333/26880666,周一至周日09:00-22:00,美团
贝琳国际美容SPA（一分店福怡馆）,罗湖区解放路3066号一至二楼,0755-25589111,周一至周日09:00-22:00,美团
美甲美睫半永久皮肤管理（南岭店）,龙岗区黄金南路黄金豪庭小区8栋A49（宜家生活超市旁，近布吉高级中学）,13790404982/18033078951,周一至周日10:30-23:30,美团
yisica美容连锁机构（白石洲4）,南山区上白石村三坊11号1楼103号,13662292005,周一至周日08:30-23:00,美团
苗老祖专业祛痘祛斑祛痣美容（平湖店）,龙岗区平湖镇麻石路16号（原龙洲百货旁）,13715121261/15999523652,周一至周日10:30-22:00,美团
久匠・美台式美睫美甲纹绣,南山区深南大道9030号瑞思中心A座616号（益田假日广场西侧）,0755-86523742/13723430098,周一至周日10:00-22:00,美团
养元阁养生馆,龙华区民治南景新村C5栋一A1号铺（民治地铁D出口左转3oo米，靠近深圳北站）,13538005961,周一至周日09:00-23:00,美团
哈喽美甲,罗湖区聚宝路84号a9室（旅客之家旁）,15815511251,周一至周日10:30-22:30,美团
老中医斑痘印敏皮肤调理中心（民治榕苑店）,龙华区民治大道榕苑小区37号铺（横岭公交站台旁，悦湖商城湘里小厨，友谊书城正对面）,18820963725/13723703725,周一至周日10:00-23:00,美团
天颜专业祛痘（白石龙店）,龙华区深圳龙华区民治街道民塘路玖龙荟2N029,13600406691,周一至周日10:00-22:00,美团
克丽缇娜（凤凰路店）,罗湖区凤凰路海珑华苑海阔阁一号商铺,0755-25694966,周一至周日10:00-22:00,美团
沐妍荟皮肤管理中心（购物公园店）,福田区民田路305号,0755-82714326,周一至周日10:00-21:00,美团
Dreamy Skin韩系君美皮肤管理中心（来福士店）,南山区登良路公园道大厦B座509室（来福士广场旁）,0755-26925621/13480157283,周一至周日11:00-22:00,美团
大鼻子美容美甲,福田区金中环国际商务大厦A座0818室（会展中心E出口）,0755-82776653/15811843528,周一至周日10:00-22:00,美团
兰姿妍国际美容养生会所,龙岗区吉潭路36号（久记猪肚鸡旁）,0755-28905987,周一至周日10:00-22:00,美团
女王美容汗蒸SPA会所,龙华区玉翠三街玉翠新村204栋3楼,15013674113,周一至周日10:00-22:00,美团
芊美国际私人订制（安良分店）,龙岗区油田路安良五村安良新村南门门口,15920082899/15118836882,周一至周日10:00-22:00,美团
爱尚瘦（尚纤瘦店）,宝安区西乡镇新湖路西乡地铁B出口蚝业雅苑,18928491810,美团
美沙堂美容经络养生,龙华区弓村十四巷二号,0755-21056744/13670063943,周一至周日10:00-22:30,美团
自然元素减肥美容养生馆,龙岗区坂田街道四季花城桂花苑F104-2号（五和地铁站旁）,15361468660,周一至周日10:00-22:00,美团
PW科技净白（君尚3019店）,南山区中心路3019号君尚天虹总部大厦7楼,0755-86700078,周一至周日10:00-22:00,美团
琉璃时光（地王店）,罗湖区宝安南路龙园创展大厦4楼402,0755-25839777/25839776,周一至周日09:30-21:00,美团
克丽缇娜（新华城店）,龙华区龙华新区民治街道梅龙路风和日丽新华城71-72号铺,0755-29368978/18126111559,周一至周日10:00-22:00,美团
椿姬日式皮肤管理,宝安区深圳宝安区创业一路宏发大厦13A09,0755-29852210,周一至周日10:30-20:30,美团
